BENEFICIARY_ID,CLAIM_ID,NOM,PRENOM,DT_NAISSANCE
BEN00001,CLM000002,ANTOINE,Alexandria,1950-02-28
BEN00002,CLM000005,LEGROS,Geneviève,1962-06-26
BEN00003,CLM000009,GUYOT,Lucie,1998-05-11
BEN00004,CLM000031,FAIVRE,Laurent,2009-05-14
BEN00005,CLM000031,CORDIER,Yves,2002-12-14
BEN00006,CLM000031,GUILLOU,Alexandria,2002-05-10
BEN00007,CLM000033,FOUCHER,Laurence,2002-07-07
BEN00008,CLM000039,BAILLY,Laetitia,1973-03-06
BEN00009,CLM000043,GUÉRIN,Julie,1972-09-26
BEN00010,CLM000049,VERDIER,Christiane,1990-04-05
BEN00011,CLM000052,ALLARD,Marine,2010-07-05
BEN00012,CLM000052,LEBRUN,Dominique,2009-04-10
BEN00013,CLM000052,LEMONNIER,Gabriel,2010-09-25
BEN00014,CLM000053,VASSEUR,Mathilde,2005-05-12
BEN00015,CLM000068,WEISS,Thierry,2002-09-13
BEN00016,CLM000068,COUSIN,Suzanne,2009-03-05
BEN00017,CLM000076,GOMES,Monique,2000-12-11
BEN00018,CLM000076,LEBRUN,Paul,2004-03-24
BEN00019,CLM000079,GRENIER,Isaac,1962-01-07
BEN00020,CLM000080,GODARD,Amélie,2001-07-13
BEN00021,CLM000080,MAHE,Colette,2009-12-14
BEN00022,CLM000080,AUBERT,Claudine,2014-03-20
BEN00023,CLM000087,GOMES,Inès,1952-08-14
BEN00024,CLM000092,LANGLOIS,Honoré,2011-12-19
BEN00025,CLM000092,ALLARD,Marc,2002-09-14
BEN00026,CLM000092,BLANC,Constance,2009-08-13
BEN00027,CLM000093,JOURDAN,Émilie,1998-03-25
BEN00028,CLM000093,HARDY,Margaux,2015-03-03
BEN00029,CLM000101,CARLIER,Franck,2007-02-01
BEN00030,CLM000107,CHAUVIN,Astrid,1962-12-23
BEN00031,CLM000118,ALEXANDRE,Michel,2007-01-09
BEN00032,CLM000121,BERGER,Sylvie,1966-01-07
BEN00033,CLM000135,RIBEIRO,Julien,1952-01-08
BEN00034,CLM000137,BLANCHET,Suzanne,1953-02-03
BEN00035,CLM000140,FONTAINE,Josette,1991-02-02
BEN00036,CLM000141,FAURE,Étienne,1977-07-28
BEN00037,CLM000143,MAILLOT,Raymond,2008-05-17
BEN00038,CLM000143,FOUCHER,Frédéric,2011-09-07
BEN00039,CLM000146,GILLET,Danielle,2004-04-09
BEN00040,CLM000151,GIRAUD,Théodore,1958-02-07
BEN00041,CLM000153,SEGUIN,Stéphanie,1969-01-13
BEN00042,CLM000163,BARTHELEMY,Cécile,1992-03-01
BEN00043,CLM000163,THOMAS,Olivie,2014-12-03
BEN00044,CLM000163,HAMON,Margaret,2005-07-11
BEN00045,CLM000166,POIRIER,Margot,2005-01-17
BEN00046,CLM000166,BAUDRY,Gabriel,2012-01-18
BEN00047,CLM000170,GUÉRIN,Margot,2010-03-30
BEN00048,CLM000172,PARENT,Raymond,1990-11-27
BEN00049,CLM000181,DAVID,Aurélie,1951-03-08
BEN00050,CLM000185,GUICHARD,Lucy,1997-08-12
BEN00051,CLM000186,DUPUY,Clémence,1975-05-24
BEN00052,CLM000191,CHAUVIN,Adrienne,1959-01-12
BEN00053,CLM000195,GAUTHIER,Jules,1955-07-14
BEN00054,CLM000198,LAMY,Christine,2007-11-19
BEN00055,CLM000203,POTTIER,Lucie,1969-12-01
BEN00056,CLM000209,DELAHAYE,Michelle,1977-07-14
BEN00057,CLM000215,PARIS,Jeannine,2007-10-12
BEN00058,CLM000215,DURAND,Céline,2012-08-08
BEN00059,CLM000215,HAMON,Suzanne,1994-09-05
BEN00060,CLM000218,JEAN,Adèle,1965-01-12
BEN00061,CLM000229,ROUSSEL,Luc,2004-07-10
BEN00062,CLM000229,BLANCHET,Paul,2009-11-21
BEN00063,CLM000229,BERTIN,Aimée,2005-11-28
BEN00064,CLM000264,PASQUIER,Jacques,1969-12-16
BEN00065,CLM000267,MORENO,Martin,2005-10-13
BEN00066,CLM000273,LOUIS,Thibaut,2008-12-27
BEN00067,CLM000273,MARTINEAU,Joséphine,2015-11-06
BEN00068,CLM000280,GERMAIN,Audrey,2013-04-16
BEN00069,CLM000286,RÉMY,Franck,1952-05-23
BEN00070,CLM000291,DANIEL,Marine,2001-02-13
BEN00071,CLM000291,ROSSI,Honoré,1999-09-10
BEN00072,CLM000292,MEYER,Maryse,1962-09-04
BEN00073,CLM000296,BENOIT,Camille,2014-05-10
BEN00074,CLM000296,ROUX,Jeannine,2009-01-21
BEN00075,CLM000296,RIBEIRO,Claire,2010-07-30
BEN00076,CLM000299,MARÉCHAL,Auguste,1950-08-22
BEN00077,CLM000303,LE GOFF,Hélène,1956-11-04
BEN00078,CLM000313,LAUNAY,Caroline,1953-04-26
BEN00079,CLM000314,LEJEUNE,Nicole,1957-11-24
BEN00080,CLM000315,MARCHAL,Marguerite,2014-12-11
BEN00081,CLM000315,LEDOUX,Aurore,2015-11-16
BEN00082,CLM000321,PEREZ,Jacques,1956-04-08
BEN00083,CLM000322,MAILLARD,Geneviève,2012-02-14
BEN00084,CLM000322,LÉVY,Maggie,2013-12-22
BEN00085,CLM000329,CARPENTIER,Michel,1979-02-06
BEN00086,CLM000330,BECKER,Théophile,2003-04-15
BEN00087,CLM000334,POIRIER,Étienne,1975-11-13
BEN00088,CLM000335,LANGLOIS,Alex,1997-11-03
BEN00089,CLM000337,VALLÉE,Susanne,1950-01-19
BEN00090,CLM000346,DELORME,Zoé,2015-06-23
BEN00091,CLM000352,JACOB,Inès,1957-11-05
BEN00092,CLM000356,FOUCHER,Nicole,1965-03-18
BEN00093,CLM000359,DIALLO,Lucas,1993-05-31
BEN00094,CLM000359,GRÉGOIRE,Jacqueline,1994-09-20
BEN00095,CLM000361,GÉRARD,Alix,1975-02-28
BEN00096,CLM000362,MAILLET,Jacques,1967-06-28
BEN00097,CLM000365,BONNEAU,Eugène,1964-06-14
BEN00098,CLM000370,RENAULT,Lucy,2008-12-18
BEN00099,CLM000379,VALENTIN,Maurice,2011-05-18
BEN00100,CLM000379,REYNAUD,Marcel,1991-03-02
BEN00101,CLM000379,CHRÉTIEN,Yves,2007-01-30
BEN00102,CLM000394,RIOU,Manon,2005-09-24
BEN00103,CLM000395,DESCAMPS,Hugues,1994-12-16
BEN00104,CLM000400,RAYMOND,Benoît,1974-03-13
BEN00105,CLM000402,PAUL,Maurice,2006-07-12
BEN00106,CLM000407,CLÉMENT,Patricia,1950-09-17
BEN00107,CLM000413,PERON,Édouard,1974-08-27
BEN00108,CLM000418,BOUTIN,Anaïs,2005-12-08
BEN00109,CLM000420,LAGARDE,Margaux,1994-02-17
BEN00110,CLM000420,BUISSON,Astrid,2007-04-29
BEN00111,CLM000428,PONS,Marie,1993-11-20
BEN00112,CLM000428,AUBRY,Valérie,2011-03-11
BEN00113,CLM000431,CHARLES,Renée,1953-01-13
BEN00114,CLM000463,PONS,Édith,2005-01-22
BEN00115,CLM000463,NGUYEN,Victoire,1997-12-07
BEN00116,CLM000463,LAINE,Catherine,2012-01-21
BEN00117,CLM000472,BOURGEOIS,Gilles,1979-10-06
BEN00118,CLM000480,BERNARD,Céline,1973-08-07
BEN00119,CLM000488,ANDRE,Élisabeth,2000-11-24
BEN00120,CLM000488,FERNANDEZ,Étienne,2010-08-20
BEN00121,CLM000488,ANTOINE,Laetitia,1998-09-27
BEN00122,CLM000493,FLEURY,Philippe,1951-02-27
BEN00123,CLM000500,NOËL,Margaud,1956-11-21
BEN00124,CLM000518,LÉVY,Guy,1997-07-31
BEN00125,CLM000518,CARLIER,Odette,2015-06-04
BEN00126,CLM000528,MARION,Colette,2000-09-18
BEN00127,CLM000528,LAROCHE,Émile,2003-10-31
BEN00128,CLM000536,BODIN,Michelle,1997-06-20
BEN00129,CLM000539,LEDOUX,Chantal,2007-10-23
BEN00130,CLM000539,TORRES,Bertrand,2008-09-26
BEN00131,CLM000539,DELANNOY,Gabriel,2001-05-02
BEN00132,CLM000541,LE GOFF,Michel,1968-07-29
BEN00133,CLM000544,FOUQUET,Henriette,1967-01-23
BEN00134,CLM000551,BERTHELOT,Margot,1971-03-24
BEN00135,CLM000553,PINTO,René,1976-08-06
BEN00136,CLM000554,LEFEBVRE,Adèle,1979-12-30
BEN00137,CLM000558,HAMEL,Richard,1959-05-10
BEN00138,CLM000577,GARNIER,Hortense,1968-02-01
BEN00139,CLM000588,FRANÇOIS,Isabelle,1959-08-15
BEN00140,CLM000599,LEDOUX,Isabelle,1990-11-07
BEN00141,CLM000599,GUILLON,Théophile,1993-12-08
BEN00142,CLM000599,WAGNER,Marthe,1999-05-05
BEN00143,CLM000600,MARION,Élisabeth,2003-08-09
BEN00144,CLM000600,COUTURIER,Timothée,2001-07-09
BEN00145,CLM000607,DESCAMPS,Simone,1999-03-18
BEN00146,CLM000607,RIVIÈRE,Camille,1999-12-25
BEN00147,CLM000610,RIVIÈRE,Christine,2006-10-31
BEN00148,CLM000610,HERVÉ,Jean,2006-11-27
BEN00149,CLM000614,PERRIER,Édouard,2006-09-14
BEN00150,CLM000614,LANGLOIS,Gilles,1995-06-17
BEN00151,CLM000614,BLANCHARD,Capucine,2004-08-10
BEN00152,CLM000616,RUIZ,Antoine,1990-08-26
BEN00153,CLM000616,COLLET,Agathe,2013-12-27
BEN00154,CLM000623,FAURE,Jacques,1978-01-02
BEN00155,CLM000624,BRUN,Édith,2000-02-21
BEN00156,CLM000624,BAZIN,Vincent,2001-08-19
BEN00157,CLM000624,CHARRIER,Geneviève,1993-12-11
BEN00158,CLM000626,WEISS,Philippine,1964-06-14
BEN00159,CLM000641,CARPENTIER,Manon,2013-11-30
BEN00160,CLM000643,JACQUES,Antoine,1971-07-27
BEN00161,CLM000655,VAILLANT,Gabriel,2011-10-10
BEN00162,CLM000655,GIRARD,Noémi,2004-08-09
BEN00163,CLM000655,HUET,Adélaïde,2005-10-20
BEN00164,CLM000660,SAUVAGE,Maggie,1991-10-18
BEN00165,CLM000660,BARON,Maurice,1990-11-18
BEN00166,CLM000662,FERNANDEZ,Frédérique,1966-06-13
BEN00167,CLM000669,DUHAMEL,Gabriel,2006-04-08
BEN00168,CLM000669,DA SILVA,Antoine,2011-02-04
BEN00169,CLM000674,LANGLOIS,Madeleine,1995-11-29
BEN00170,CLM000674,GUILLON,Joseph,2006-02-12
BEN00171,CLM000674,ADAM,Andrée,1993-12-07
BEN00172,CLM000695,DA SILVA,Victoire,2006-11-06
BEN00173,CLM000695,THIERRY,Georges,1995-02-22
BEN00174,CLM000701,FERNANDES,Élodie,2002-11-03
BEN00175,CLM000703,TOUSSAINT,Agathe,2015-06-06
BEN00176,CLM000703,POIRIER,Margot,1999-01-31
BEN00177,CLM000719,BÈGUE,Hélène,1974-11-30
BEN00178,CLM000721,BRUNEAU,Monique,1994-01-05
BEN00179,CLM000721,RIOU,Céline,2012-09-12
BEN00180,CLM000729,COLIN,Andrée,2012-08-14
BEN00181,CLM000729,BECKER,Michel,2015-12-14
BEN00182,CLM000729,ROUSSEL,Manon,1993-08-31
BEN00183,CLM000733,DANIEL,Bernard,2008-11-29
BEN00184,CLM000733,BLANCHET,David,2013-02-20
BEN00185,CLM000733,PETIT,Françoise,2009-11-23
BEN00186,CLM000736,GAY,Bernadette,2011-09-07
BEN00187,CLM000740,PICHON,Zoé,2004-12-22
BEN00188,CLM000740,VINCENT,René,2010-04-10
BEN00189,CLM000740,LABBÉ,Philippine,1999-08-28
BEN00190,CLM000743,DUMONT,Nathalie,1998-02-23
BEN00191,CLM000746,DELORME,Agathe,2003-05-17
BEN00192,CLM000746,TORRES,Caroline,2003-05-24
BEN00193,CLM000752,JOSEPH,Alfred,2006-05-02
BEN00194,CLM000756,BENOIT,Tristan,1999-10-11
BEN00195,CLM000756,LOPES,Marguerite,1998-06-26
BEN00196,CLM000772,LAMBERT,Véronique,2013-11-27
BEN00197,CLM000781,CHEVALLIER,Richard,1976-02-15
BEN00198,CLM000789,GÉRARD,Noémi,1957-04-06
BEN00199,CLM000791,GUIBERT,Éléonore,2002-01-29
BEN00200,CLM000791,LEROUX,Matthieu,2000-02-26
BEN00201,CLM000791,ALVES,Hélène,2009-06-26
BEN00202,CLM000802,CHARRIER,Roger,1952-09-27
BEN00203,CLM000805,ROSSI,Constance,1952-01-01
BEN00204,CLM000807,VALLÉE,Anastasie,1952-12-20
BEN00205,CLM000810,LOISEAU,Margaud,1996-01-25
BEN00206,CLM000810,CHEVALIER,Élise,2001-10-17
BEN00207,CLM000812,WAGNER,Susanne,1969-03-17
BEN00208,CLM000814,HUMBERT,Roland,1962-12-01
BEN00209,CLM000816,SALMON,Diane,2014-11-24
BEN00210,CLM000818,LEMONNIER,Roland,1996-06-17
BEN00211,CLM000818,SANCHEZ,Jérôme,2003-06-30
BEN00212,CLM000818,FAURE,Henri,1997-01-17
BEN00213,CLM000821,GOMEZ,Roland,1996-01-10
BEN00214,CLM000821,COLAS,Alex,1994-03-11
BEN00215,CLM000821,FONTAINE,Adèle,2010-08-19
BEN00216,CLM000836,MARION,Lucy,1970-12-04
BEN00217,CLM000838,MARTINS,Olivie,2004-08-10
BEN00218,CLM000838,DIDIER,Augustin,2012-01-19
BEN00219,CLM000846,MUNOZ,Anaïs,1996-01-20
BEN00220,CLM000846,RODRIGUES,Célina,2002-11-06
BEN00221,CLM000881,MEUNIER,Maurice,1959-07-18
BEN00222,CLM000882,DANIEL,Guillaume,2005-08-18
BEN00223,CLM000882,MICHAUD,Richard,1994-09-30
BEN00224,CLM000888,MENDÈS,Sophie,2005-12-27
BEN00225,CLM000888,LACROIX,Alex,2011-09-10
BEN00226,CLM000894,BLANC,Frédéric,2001-08-13
BEN00227,CLM000894,MOULIN,Camille,2012-01-05
BEN00228,CLM000895,PAUL,Stéphanie,1995-12-17
BEN00229,CLM000895,JOUBERT,Christelle,2014-08-14
BEN00230,CLM000895,BOYER,Mathilde,1992-12-19
BEN00231,CLM000897,LEBRUN,Charlotte,1979-03-25
BEN00232,CLM000898,HENRY,Camille,1953-09-12
BEN00233,CLM000910,LESAGE,Isaac,2004-11-01
BEN00234,CLM000912,LEGENDRE,Corinne,1993-10-07
BEN00235,CLM000912,GUYOT,Colette,1998-12-17
BEN00236,CLM000912,PERON,Alix,2006-05-01
BEN00237,CLM000920,HERNANDEZ,Constance,1980-01-17
BEN00238,CLM000923,TEIXEIRA,Benjamin,1963-03-28
BEN00239,CLM000924,ROUSSET,Suzanne,2015-12-18
BEN00240,CLM000924,ROUX,Hélène,1995-04-13
BEN00241,CLM000927,PERRET,Pierre,2004-03-10
BEN00242,CLM000927,BOUCHET,Georges,1993-11-04
BEN00243,CLM000929,DA COSTA,Alexandria,2014-12-06
BEN00244,CLM000931,BAUDRY,Juliette,1967-01-15
BEN00245,CLM000932,GUYOT,Denise,2012-04-03
BEN00246,CLM000932,MOULIN,Susan,2012-01-13
BEN00247,CLM000941,BLANCHET,Louise,1991-12-04
BEN00248,CLM000941,BENARD,Anne,2001-10-10
BEN00249,CLM000956,MACE,Benjamin,1956-12-18
BEN00250,CLM000958,RIVIÈRE,Bernadette,1992-12-02
BEN00251,CLM000961,BRIAND,Constance,1979-04-30
BEN00252,CLM000962,MAILLOT,Françoise,1966-01-20
BEN00253,CLM000969,SAMSON,Antoinette,2007-03-05
BEN00254,CLM000969,DE SOUSA,Sabine,2003-09-28
BEN00255,CLM000971,BESNARD,Édith,1969-11-11
BEN00256,CLM000978,MARION,Xavier,1959-11-08
BEN00257,CLM000989,GRONDIN,Nath,2009-09-20
BEN00258,CLM000991,DOS SANTOS,Thibault,1951-11-10
BEN00259,CLM000998,MAURICE,Catherine,2008-04-24
BEN00260,CLM000998,GOSSELIN,Yves,1992-04-03
BEN00261,CLM000999,FABRE,Juliette,1975-10-22
BEN00262,CLM001002,LACROIX,Augustin,2010-12-26
BEN00263,CLM001002,DUMAS,Lucy,2003-02-25
BEN00264,CLM001004,MICHAUD,Denis,2001-03-26
BEN00265,CLM001020,RAYMOND,Henriette,1978-09-10
BEN00266,CLM001021,THIBAULT,Marc,1974-11-18
BEN00267,CLM001036,MARCHAND,Alexandria,1970-10-23
BEN00268,CLM001040,FOUCHER,Alphonse,1967-03-02
BEN00269,CLM001066,HOARAU,Sabine,1993-02-24
BEN00270,CLM001087,ALLARD,Marie,1997-08-03
BEN00271,CLM001099,ROUSSET,Anastasie,2003-12-23
BEN00272,CLM001099,MARIE,Louise,2001-01-16
BEN00273,CLM001101,GUICHARD,Michelle,1955-11-11
BEN00274,CLM001103,NAVARRO,Lucy,1977-09-24
BEN00275,CLM001106,RENAULT,Gilles,1971-09-04
BEN00276,CLM001108,ROUSSET,Laurent,2003-11-25
BEN00277,CLM001108,CARLIER,Élisabeth,2010-08-19
BEN00278,CLM001110,BOURGEOIS,Catherine,1956-03-27
BEN00279,CLM001118,GALLET,Édith,1953-11-28
BEN00280,CLM001122,PETIT,Margot,1971-11-12
BEN00281,CLM001125,CARPENTIER,Catherine,1996-02-12
BEN00282,CLM001125,CHEVALIER,Chantal,2008-12-16
BEN00283,CLM001128,LEGRAND,Emmanuelle,1995-07-16
BEN00284,CLM001128,LESAGE,Tristan,1990-01-27
BEN00285,CLM001132,TANGUY,Émilie,1974-12-05
BEN00286,CLM001145,LEFEBVRE,Cécile,1976-07-20
BEN00287,CLM001159,JACQUET,Anne,1977-11-06
BEN00288,CLM001168,FERREIRA,Marie,1992-09-06
BEN00289,CLM001168,CARON,Augustin,2006-06-20
BEN00290,CLM001171,DESCHAMPS,Virginie,2010-12-02
BEN00291,CLM001180,PASQUIER,Yves,1962-10-05
BEN00292,CLM001182,HERNANDEZ,Victor,1958-04-16
BEN00293,CLM001193,HOAREAU,Timothée,1994-12-04
BEN00294,CLM001196,GAY,Amélie,1952-10-15
BEN00295,CLM001199,LOUIS,Marie,1971-06-20
BEN00296,CLM001200,COLLIN,Océane,1992-07-24
BEN00297,CLM001201,CHRÉTIEN,Marc,1978-11-07
BEN00298,CLM001203,MICHAUD,Léon,1968-03-06
BEN00299,CLM001204,MUNOZ,Françoise,2012-03-18
BEN00300,CLM001205,MARTINEAU,Olivie,1967-01-09
BEN00301,CLM001211,NOËL,Marc,1992-08-20
BEN00302,CLM001211,MAURICE,Guy,1994-08-13
BEN00303,CLM001217,DELMAS,Suzanne,2001-04-11
BEN00304,CLM001217,JOLY,Joseph,2005-12-28
BEN00305,CLM001219,LACROIX,Bertrand,2015-02-08
BEN00306,CLM001234,JACQUET,Olivie,1975-06-05
BEN00307,CLM001237,VIDAL,Étienne,1965-08-21
BEN00308,CLM001240,BOYER,Nicolas,1954-06-01
BEN00309,CLM001242,MARIN,Jeannine,1969-12-08
BEN00310,CLM001255,BOUVET,Henriette,1991-08-07
BEN00311,CLM001269,DIAS,Sylvie,1964-01-26
BEN00312,CLM001282,LEMOINE,Antoine,1951-09-01
BEN00313,CLM001283,HERNANDEZ,Lucy,1963-01-09
BEN00314,CLM001297,TANGUY,Caroline,1994-08-18
BEN00315,CLM001297,THIBAULT,Michelle,1995-11-10
BEN00316,CLM001297,GALLET,Martin,2011-05-17
BEN00317,CLM001298,DIDIER,Monique,2003-05-03
BEN00318,CLM001298,LAMBERT,Olivie,2011-07-07
BEN00319,CLM001300,MORIN,Jérôme,1994-11-08
BEN00320,CLM001300,GRONDIN,Luc,2014-04-11
BEN00321,CLM001300,DANIEL,Pénélope,2009-10-18
BEN00322,CLM001304,PONS,Victoire,1974-03-23
BEN00323,CLM001308,BOUTIN,Hélène,2001-05-20
BEN00324,CLM001308,VALLET,Martin,2006-04-27
BEN00325,CLM001308,ROUSSET,Clémence,2015-11-30
BEN00326,CLM001310,LOMBARD,Charlotte,2008-04-18
BEN00327,CLM001310,NEVEU,Nathalie,1998-01-31
BEN00328,CLM001310,PERROT,Jeannine,2007-01-15
BEN00329,CLM001324,ROBERT,Édouard,1961-10-18
BEN00330,CLM001326,COLIN,Joséphine,2010-09-23
BEN00331,CLM001326,DUMONT,Jacqueline,2004-03-21
BEN00332,CLM001326,BAZIN,Laure,2014-07-01
BEN00333,CLM001330,DUMONT,Laure,1967-09-12
BEN00334,CLM001334,MEYER,André,1957-05-18
BEN00335,CLM001347,MERCIER,Nicolas,1978-02-10
BEN00336,CLM001349,LACROIX,Capucine,1980-09-29
BEN00337,CLM001351,GARCIA,Noémi,1961-01-18
BEN00338,CLM001353,RENAULT,Tristan,1977-01-02
BEN00339,CLM001355,REYNAUD,René,1974-06-08
BEN00340,CLM001356,DELANNOY,Aimé,1972-02-21
BEN00341,CLM001361,PELTIER,Françoise,1953-09-11
BEN00342,CLM001371,LEBRUN,Benoît,1968-01-15
BEN00343,CLM001376,RAMOS,Charlotte,1951-12-21
BEN00344,CLM001377,MUNOZ,Théodore,1990-12-05
BEN00345,CLM001377,MARION,Lucie,1991-01-19
BEN00346,CLM001377,CHEVALIER,Édouard,1998-02-14
BEN00347,CLM001379,JEAN,Josette,1951-10-14
BEN00348,CLM001383,MEYER,Élise,2000-02-27
BEN00349,CLM001383,LUCAS,Louis,2003-05-16
BEN00350,CLM001383,BOUCHET,Inès,1993-10-09
BEN00351,CLM001388,BRIAND,Océane,2000-10-03
BEN00352,CLM001388,LANGLOIS,Laurence,2008-11-05
BEN00353,CLM001389,DUPUIS,Émilie,2004-09-08
BEN00354,CLM001389,CARON,Pénélope,2013-03-26
BEN00355,CLM001389,LESAGE,Gabrielle,2006-04-11
BEN00356,CLM001396,HUBERT,Emmanuel,2006-12-31
BEN00357,CLM001397,DUPUIS,Emmanuelle,2003-04-06
BEN00358,CLM001397,GARCIA,Marie,2006-05-01
BEN00359,CLM001402,MOREAU,Michèle,2005-11-26
BEN00360,CLM001402,POTTIER,Martin,2004-09-17
BEN00361,CLM001403,MENARD,Gabrielle,1964-11-26
BEN00362,CLM001408,PHILIPPE,Véronique,1952-01-09
BEN00363,CLM001411,HUET,Bernadette,2004-12-07
BEN00364,CLM001411,BOUVET,Cécile,1998-06-23
BEN00365,CLM001413,LETELLIER,Pauline,1974-05-13
BEN00366,CLM001418,PHILIPPE,Martine,2009-09-08
BEN00367,CLM001418,LEBON,Daniel,2002-03-02
BEN00368,CLM001422,RIBEIRO,Michelle,1992-03-17
BEN00369,CLM001425,BONNET,Roland,1977-10-26
BEN00370,CLM001426,DIDIER,Margot,1955-06-21
BEN00371,CLM001427,PASQUIER,Denis,1963-12-31
BEN00372,CLM001431,SEGUIN,Sébastien,1950-01-23
BEN00373,CLM001433,MARCHAL,Astrid,2006-04-10
BEN00374,CLM001434,FERNANDEZ,Marguerite,1953-11-06
BEN00375,CLM001448,FOUQUET,Timothée,1975-07-23
BEN00376,CLM001461,REGNIER,Franck,1978-10-10
BEN00377,CLM001463,BODIN,Frédéric,1968-05-11
BEN00378,CLM001466,IMBERT,Denis,1954-12-25
BEN00379,CLM001475,DUBOIS,Anastasie,1956-04-25
BEN00380,CLM001485,BONNIN,Juliette,2009-04-09
BEN00381,CLM001485,MARION,Sébastien,1990-01-09
BEN00382,CLM001486,PELTIER,Henri,1959-10-29
BEN00383,CLM001489,DELORME,Julien,2013-09-03
BEN00384,CLM001489,GAILLARD,Noël,2009-06-02
BEN00385,CLM001489,ANDRE,Noémi,2010-01-08
BEN00386,CLM001492,LEGENDRE,Claudine,2002-07-29
BEN00387,CLM001492,BERNIER,Corinne,1991-10-18
BEN00388,CLM001499,DELORME,Michèle,1979-10-28
BEN00389,CLM001500,LE GOFF,Michèle,2008-12-10
BEN00390,CLM001500,LABBÉ,Dorothée,1995-09-20
BEN00391,CLM001506,BLIN,Marc,1967-05-19
BEN00392,CLM001519,WEISS,Manon,2010-01-28
BEN00393,CLM001521,CARON,Augustin,1955-03-17
BEN00394,CLM001524,ANDRE,Stéphanie,2012-01-09
BEN00395,CLM001524,MOREL,Maggie,2011-06-06
BEN00396,CLM001532,VAILLANT,Joséphine,1950-07-03
BEN00397,CLM001538,PAUL,Marie,2009-09-21
BEN00398,CLM001538,SANCHEZ,Aimé,2001-01-12
BEN00399,CLM001544,LEDUC,Hugues,1951-07-22
BEN00400,CLM001545,ROLLAND,William,1967-01-04
BEN00401,CLM001548,PETITJEAN,Susanne,1990-03-12
BEN00402,CLM001548,BLANCHARD,Marcelle,2003-03-25
BEN00403,CLM001548,MAILLET,Thérèse,2012-05-31
BEN00404,CLM001551,MAHE,Théophile,1960-10-01
BEN00405,CLM001552,TRAORE,Brigitte,1959-02-14
BEN00406,CLM001556,PAUL,Noël,2006-05-20
BEN00407,CLM001556,FONTAINE,Éric,1994-01-11
BEN00408,CLM001556,FERRAND,Patricia,1996-08-09
BEN00409,CLM001558,RUIZ,René,2005-11-17
BEN00410,CLM001558,DENIS,Aimé,2010-08-16
BEN00411,CLM001558,GRÉGOIRE,Élise,2002-12-02
BEN00412,CLM001564,MARTINS,Thibault,1974-09-13
BEN00413,CLM001571,SAMSON,René,2002-10-26
BEN00414,CLM001571,DESCHAMPS,Henri,1993-09-09
BEN00415,CLM001571,MAILLOT,Paul,2002-11-18
BEN00416,CLM001575,VALLÉE,Stéphane,1994-07-23
BEN00417,CLM001575,DOS SANTOS,René,1991-02-25
BEN00418,CLM001578,JOSEPH,Patricia,2011-06-19
BEN00419,CLM001578,RIBEIRO,Éric,1994-07-30
BEN00420,CLM001578,COSTA,Constance,1997-10-25
BEN00421,CLM001579,RÉMY,Emmanuelle,1954-07-30
BEN00422,CLM001581,CHARLES,Christelle,2003-02-22
BEN00423,CLM001585,BOUVET,Colette,1979-11-17
BEN00424,CLM001589,BERTRAND,Honoré,2001-12-05
BEN00425,CLM001592,FABRE,Isabelle,2014-08-18
BEN00426,CLM001595,DUMONT,Corinne,2010-10-16
BEN00427,CLM001595,LECONTE,Lucie,1990-05-23
BEN00428,CLM001595,AUBERT,Édouard,2011-08-14
BEN00429,CLM001601,LEFÈVRE,Josette,1999-04-03
BEN00430,CLM001601,FRANÇOIS,Alix,2010-12-03
BEN00431,CLM001601,NAVARRO,Daniel,2012-12-05
BEN00432,CLM001619,GODARD,Éric,1992-02-04
BEN00433,CLM001619,DUBOIS,Stéphane,2004-09-09
BEN00434,CLM001619,CLERC,Olivier,2004-02-20
BEN00435,CLM001624,ROUSSET,Jeanne,1977-01-16
BEN00436,CLM001625,HEBERT,Pauline,1966-01-26
BEN00437,CLM001628,VERDIER,Maryse,1963-10-05
BEN00438,CLM001630,ROGER,Olivier,1999-03-25
BEN00439,CLM001630,RUIZ,Éric,1995-08-27
BEN00440,CLM001630,LEROY,Marguerite,1997-03-08
BEN00441,CLM001640,LETELLIER,Honoré,1963-06-23
BEN00442,CLM001654,HERNANDEZ,Guy,2007-07-11
BEN00443,CLM001654,LÉVÊQUE,Benjamin,2004-11-08
BEN00444,CLM001654,LEBRUN,Julie,2005-12-18
BEN00445,CLM001660,TORRES,Amélie,1958-03-09
BEN00446,CLM001663,MARTINS,Franck,1959-11-21
BEN00447,CLM001668,LEFÈVRE,Alexandria,2004-04-09
BEN00448,CLM001672,LEDOUX,Hugues,1958-03-16
BEN00449,CLM001674,BRIAND,Virginie,1963-05-15
BEN00450,CLM001681,VAILLANT,Théodore,1950-03-24
BEN00451,CLM001685,CARRE,Christophe,1973-09-01
BEN00452,CLM001686,LÉVY,Chantal,1992-07-20
BEN00453,CLM001686,BIGOT,Simone,1991-12-11
BEN00454,CLM001687,LESAGE,Victoire,1975-09-17
BEN00455,CLM001691,MAILLET,Élodie,2000-11-08
BEN00456,CLM001691,BOURDON,Arnaude,1998-03-23
BEN00457,CLM001691,FERNANDEZ,Marie,2014-04-25
BEN00458,CLM001695,LELIÈVRE,Aurélie,1997-03-17
BEN00459,CLM001695,COUTURIER,Élisabeth,1998-05-02
BEN00460,CLM001696,NAVARRO,Martine,1978-10-04
BEN00461,CLM001703,LEMOINE,Geneviève,2015-09-24
BEN00462,CLM001704,DELATTRE,Gilbert,1995-03-24
BEN00463,CLM001704,RAMOS,Alphonse,2001-03-01
BEN00464,CLM001704,HERNANDEZ,Jean,2004-12-18
BEN00465,CLM001709,LECOQ,Jacqueline,1965-07-22
BEN00466,CLM001711,TEIXEIRA,Aimée,1976-01-12
BEN00467,CLM001715,LACOMBE,Émilie,2010-08-29
BEN00468,CLM001715,TECHER,Emmanuel,1991-09-19
BEN00469,CLM001715,BOYER,Éric,2009-07-29
BEN00470,CLM001717,LAGARDE,Thierry,1998-10-12
BEN00471,CLM001718,ANDRE,Benoît,1970-10-25
BEN00472,CLM001721,MACE,Antoine,1955-03-25
BEN00473,CLM001724,LAINE,Nathalie,1955-09-18
BEN00474,CLM001736,GÉRARD,Adélaïde,2000-02-17
BEN00475,CLM001736,ALLAIN,Luce,2013-04-01
BEN00476,CLM001744,COLIN,Marcel,1961-02-16
BEN00477,CLM001752,ROUSSEAU,Amélie,1963-12-15
BEN00478,CLM001757,BARRE,Étienne,1953-11-20
BEN00479,CLM001786,FERREIRA,Christiane,1991-07-30
BEN00480,CLM001786,PASQUIER,Frédérique,2002-07-22
BEN00481,CLM001786,RENARD,Camille,2011-03-17
BEN00482,CLM001789,GERMAIN,Georges,2004-03-17
BEN00483,CLM001789,JULIEN,Henri,1995-12-02
BEN00484,CLM001789,BODIN,Denise,2006-01-07
BEN00485,CLM001791,MICHEL,Augustin,1999-08-18
BEN00486,CLM001791,RUIZ,Julie,2015-05-09
BEN00487,CLM001791,DELATTRE,André,2002-04-04
BEN00488,CLM001806,MARCHAL,Robert,1997-08-16
BEN00489,CLM001806,HUMBERT,Geneviève,1994-06-05
BEN00490,CLM001806,LAURENT,Alix,2008-04-01
BEN00491,CLM001810,BERTRAND,Corinne,2008-05-16
BEN00492,CLM001810,RIBEIRO,Lucy,1991-12-06
BEN00493,CLM001810,WEISS,Jacqueline,1996-05-26
BEN00494,CLM001817,TRAORE,Xavier,1998-02-27
BEN00495,CLM001817,DESCAMPS,Emmanuel,2014-03-22
BEN00496,CLM001820,OLLIVIER,Océane,2012-08-09
BEN00497,CLM001820,GARCIA,Raymond,1990-01-21
BEN00498,CLM001820,MARCHAND,Susan,2006-06-14
BEN00499,CLM001822,GIRARD,Patricia,1990-10-07
BEN00500,CLM001822,CARRE,Christiane,2006-05-17
BEN00501,CLM001822,LACROIX,Virginie,1999-10-02
BEN00502,CLM001827,SIMON,Édith,1963-04-30
BEN00503,CLM001834,BESNARD,Gabrielle,2007-08-08
BEN00504,CLM001841,DEVAUX,Valentine,2010-11-03
BEN00505,CLM001841,BESNARD,Vincent,2009-04-21
BEN00506,CLM001844,MARCHAND,Alice,1997-11-26
BEN00507,CLM001844,HUBERT,Isaac,1991-09-30
BEN00508,CLM001844,GAILLARD,Océane,2015-07-26
BEN00509,CLM001845,BARBE,Pierre,1968-10-23
BEN00510,CLM001846,COLLET,Gabriel,1968-01-12
BEN00511,CLM001849,REY,Nicolas,1995-09-05
BEN00512,CLM001849,POTIER,Léon,1992-07-25
BEN00513,CLM001858,LEBRUN,Françoise,1992-06-25
BEN00514,CLM001858,GILLES,Bernard,2001-08-04
BEN00515,CLM001858,ROGER,Maggie,2010-10-09
BEN00516,CLM001860,LEGRAND,Charles,1999-12-02
BEN00517,CLM001860,FABRE,Christiane,2005-03-12
BEN00518,CLM001860,BOUVET,Christiane,1993-11-20
BEN00519,CLM001861,GARCIA,Antoine,1962-03-19
BEN00520,CLM001871,BLANCHARD,Olivier,1954-03-17
BEN00521,CLM001874,BENOIT,Timothée,1960-01-29
BEN00522,CLM001881,ALLARD,Guillaume,1959-11-14
BEN00523,CLM001882,PHILIPPE,Vincent,1974-12-27
BEN00524,CLM001885,LAURENT,Bernadette,1975-06-14
BEN00525,CLM001904,ROGER,Chantal,1992-03-19
BEN00526,CLM001904,RUIZ,Marguerite,2004-11-08
BEN00527,CLM001904,PEREZ,Nicole,1996-03-29
BEN00528,CLM001909,LEMAÎTRE,Christelle,1964-03-15
BEN00529,CLM001914,VINCENT,Danielle,1951-11-30
BEN00530,CLM001941,LAPORTE,Luc,1952-01-20
BEN00531,CLM001942,BRUN,Corinne,1959-01-07
BEN00532,CLM001950,CARLIER,Dominique,1977-02-12
BEN00533,CLM001953,DA SILVA,Rémy,1965-03-01
BEN00534,CLM001959,PEREIRA,Alex,1978-05-13
BEN00535,CLM001960,ROUSSEL,Thierry,1998-06-19
BEN00536,CLM001967,JEAN,Zacharie,1977-06-12
BEN00537,CLM001973,GUYOT,Matthieu,2006-02-06
BEN00538,CLM001973,DELANNOY,Thibaut,1990-12-14
BEN00539,CLM001973,MARY,Frédéric,2008-06-10
BEN00540,CLM001982,AUGER,Odette,1978-04-03
BEN00541,CLM001983,JOURDAN,Maryse,1951-10-03
BEN00542,CLM001984,GAUDIN,Henriette,1972-02-02
BEN00543,CLM001985,FERNANDES,Zoé,1950-09-22
BEN00544,CLM001991,LE GALL,Valérie,2004-06-03
BEN00545,CLM001991,PERROT,Margot,2003-03-12
BEN00546,CLM001991,GOMES,Catherine,2012-05-12
BEN00547,CLM001994,CHAUVEAU,Sébastien,1970-12-27
BEN00548,CLM001998,GILLES,Astrid,1958-03-23
BEN00549,CLM001999,TOUSSAINT,Théodore,1998-04-01
BEN00550,CLM001999,RAMOS,Nicolas,2003-01-23
BEN00551,CLM002001,PIERRE,Nicolas,1950-10-15
BEN00552,CLM002002,LEFÈVRE,Richard,1951-02-13
BEN00553,CLM002003,DURAND,Martin,2014-03-07
BEN00554,CLM002003,BERTRAND,Margot,1993-03-29
BEN00555,CLM002017,CHARTIER,Zoé,1994-01-01
BEN00556,CLM002021,BOUTIN,Yves,2014-03-31
BEN00557,CLM002022,LÉVY,Renée,1996-08-29
BEN00558,CLM002023,FAURE,Constance,1990-01-19
BEN00559,CLM002023,LEMAIRE,Agnès,2008-10-13
BEN00560,CLM002028,DUPRÉ,Denise,1961-05-01
BEN00561,CLM002038,MARTY,Noël,1998-06-27
BEN00562,CLM002038,LE GOFF,Adrien,2015-08-06
BEN00563,CLM002046,PERRET,Gilbert,1968-04-18
BEN00564,CLM002047,MARION,Henri,1975-01-14
BEN00565,CLM002053,ALVES,Virginie,2005-09-02
BEN00566,CLM002057,REGNIER,Margaud,1956-08-15
BEN00567,CLM002060,FONTAINE,Nath,1955-07-10
BEN00568,CLM002075,BOUVET,Jeannine,2004-01-24
BEN00569,CLM002077,GODARD,Robert,1998-10-15
BEN00570,CLM002082,RAYMOND,Christophe,1977-01-17
BEN00571,CLM002089,COLAS,Marcelle,1997-10-23
BEN00572,CLM002089,GOSSELIN,Philippe,2004-12-20
BEN00573,CLM002092,BECKER,Olivier,2011-03-04
BEN00574,CLM002092,PICHON,Louis,2007-03-20
BEN00575,CLM002092,GOMEZ,Marcel,2011-12-08
BEN00576,CLM002095,MERCIER,Joseph,1994-08-08
BEN00577,CLM002095,BONNEAU,Lucas,2003-05-31
BEN00578,CLM002095,GRENIER,Éléonore,2003-03-05
BEN00579,CLM002099,WEBER,Nicole,1993-01-30
BEN00580,CLM002099,BENARD,Yves,1995-07-06
BEN00581,CLM002101,ANTOINE,Philippine,2006-07-05
BEN00582,CLM002101,COURTOIS,Zacharie,1994-08-11
BEN00583,CLM002101,DESCAMPS,Charles,1996-10-04
BEN00584,CLM002103,BARBIER,Guillaume,2007-04-04
BEN00585,CLM002103,PETIT,Lucie,2005-07-17
BEN00586,CLM002103,ROSSI,Alfred,2007-04-08
BEN00587,CLM002110,BESSON,Laurent,1964-01-16
BEN00588,CLM002113,DEVAUX,Maryse,1966-05-18
BEN00589,CLM002125,LÉGER,Olivie,2009-08-05
BEN00590,CLM002125,COSTA,Thérèse,1997-12-01
BEN00591,CLM002134,PARENT,Margot,1966-11-26
BEN00592,CLM002135,VERDIER,Marthe,1991-06-28
BEN00593,CLM002135,BRUNET,Catherine,2012-06-22
BEN00594,CLM002135,VALENTIN,Alexandrie,2001-03-04
BEN00595,CLM002136,FRANÇOIS,Marcel,1993-03-06
BEN00596,CLM002138,GONZALEZ,Renée,1990-06-15
BEN00597,CLM002143,BERNIER,Roger,2015-08-08
BEN00598,CLM002155,DELAUNAY,Victor,2012-02-16
BEN00599,CLM002155,SANCHEZ,Émilie,2011-10-15
BEN00600,CLM002157,ROCHE,Maggie,1992-08-07
BEN00601,CLM002157,LEMAÎTRE,Jeannine,1999-08-05
BEN00602,CLM002157,PERRIN,Pierre,2015-01-20
BEN00603,CLM002158,GAY,Gabriel,1972-04-12
BEN00604,CLM002165,LOMBARD,Jacques,2003-09-13
BEN00605,CLM002165,BERTRAND,Gabriel,1992-11-11
BEN00606,CLM002165,CHAUVEAU,Rémy,2001-03-28
BEN00607,CLM002170,FOURNIER,Nathalie,1975-03-17
BEN00608,CLM002175,DE SOUSA,Jacqueline,1950-07-26
BEN00609,CLM002176,GUILLOU,Maurice,1968-10-14
BEN00610,CLM002180,PARIS,Alfred,1950-10-30
BEN00611,CLM002186,THOMAS,Catherine,2013-06-02
BEN00612,CLM002186,HEBERT,Simone,1995-03-28
BEN00613,CLM002186,SANCHEZ,Suzanne,1997-02-28
BEN00614,CLM002187,TORRES,Manon,1963-10-13
BEN00615,CLM002191,DE OLIVEIRA,Louise,1961-01-15
BEN00616,CLM002193,LOPEZ,Eugène,1964-02-03
BEN00617,CLM002197,GUYON,Antoine,1958-04-18
BEN00618,CLM002199,GUILBERT,Monique,1994-06-11
BEN00619,CLM002199,PERON,Matthieu,2002-08-28
BEN00620,CLM002199,DIALLO,Frédéric,2011-11-24
BEN00621,CLM002204,BESNARD,Susan,2009-02-16
BEN00622,CLM002205,GUILLOT,Thierry,1954-04-07
BEN00623,CLM002206,SEGUIN,Monique,2007-06-22
BEN00624,CLM002206,MORENO,Aurore,1994-06-20
BEN00625,CLM002214,RENAUD,Jérôme,1951-03-06
BEN00626,CLM002216,GAUTHIER,Alexandrie,1975-08-03
BEN00627,CLM002218,ALVES,Matthieu,1980-11-08
BEN00628,CLM002219,GILLES,Patricia,1952-05-26
BEN00629,CLM002223,GUILLOT,Claude,1979-08-01
BEN00630,CLM002230,CHAUVET,Simone,2002-08-11
BEN00631,CLM002231,BARTHELEMY,Tristan,1977-12-25
BEN00632,CLM002233,RENAUD,François,1973-04-02
BEN00633,CLM002237,COSTA,Victor,2001-11-13
BEN00634,CLM002237,PAYET,Thérèse,2014-08-25
BEN00635,CLM002237,MORVAN,Alexandria,1991-04-05
BEN00636,CLM002238,ROUSSEL,Stéphanie,1957-02-20
BEN00637,CLM002241,GONZALEZ,Margaud,1990-03-28
BEN00638,CLM002248,LEROUX,Pierre,2013-04-24
BEN00639,CLM002248,SIMON,Lucy,2012-12-14
BEN00640,CLM002248,LECONTE,Benoît,1999-02-04
BEN00641,CLM002249,DAVID,Grégoire,1995-08-11
BEN00642,CLM002249,BOUVIER,Henriette,2009-07-28
BEN00643,CLM002250,PHILIPPE,Clémence,1974-08-23
BEN00644,CLM002251,NEVEU,Xavier,1952-03-30
BEN00645,CLM002252,GIMENEZ,Émile,1980-08-17
BEN00646,CLM002263,ROSSI,Michel,1956-05-09
BEN00647,CLM002265,LE GOFF,Auguste,1968-08-18
BEN00648,CLM002267,RIOU,Benjamin,1995-11-10
BEN00649,CLM002267,GONZALEZ,William,2005-05-07
BEN00650,CLM002279,GUILBERT,Christelle,2009-06-28
BEN00651,CLM002284,LETELLIER,René,1998-05-10
BEN00652,CLM002284,RICHARD,Marguerite,2012-01-07
BEN00653,CLM002284,LAPORTE,Jeanne,1994-01-19
BEN00654,CLM002286,MARIN,Alix,2008-11-17
BEN00655,CLM002286,IMBERT,Claire,2009-11-19
BEN00656,CLM002286,FISCHER,Diane,1995-09-15
BEN00657,CLM002287,MACE,Raymond,1967-05-11
BEN00658,CLM002307,DUFOUR,Michel,2005-08-21
BEN00659,CLM002307,PERROT,Édouard,2011-06-23
BEN00660,CLM002309,TECHER,Gabrielle,2003-03-17
BEN00661,CLM002309,MAILLET,Auguste,1991-02-28
BEN00662,CLM002309,NEVEU,Victoire,1994-09-24
BEN00663,CLM002311,LEROUX,Suzanne,2009-06-14
BEN00664,CLM002311,GAY,Thierry,1994-04-03
BEN00665,CLM002311,ARNAUD,Frédéric,2013-07-31
BEN00666,CLM002313,BOUSQUET,Thibaut,1950-01-05
BEN00667,CLM002314,MARY,Guillaume,1999-10-21
BEN00668,CLM002314,ROSSI,Mathilde,1995-01-31
BEN00669,CLM002316,GROS,Théophile,1952-12-22
BEN00670,CLM002320,LEGRAND,Amélie,2013-03-09
BEN00671,CLM002321,MACE,Nicolas,1972-10-29
BEN00672,CLM002322,LACOMBE,Roger,1976-05-04
BEN00673,CLM002331,RENAULT,Claudine,1973-09-14
BEN00674,CLM002332,BIGOT,Manon,2005-05-17
BEN00675,CLM002339,MAURY,Julien,2003-02-04
BEN00676,CLM002339,VALLÉE,Lucy,2004-08-10
BEN00677,CLM002339,LOISEAU,Arnaude,1994-08-26
BEN00678,CLM002342,RAYMOND,Simone,2014-01-04
BEN00679,CLM002343,BERNIER,Claude,2000-11-12
BEN00680,CLM002351,PHILIPPE,Laure,1952-11-24
BEN00681,CLM002358,LECONTE,Thérèse,1957-02-04
BEN00682,CLM002368,FERNANDES,Aimé,2004-06-04
BEN00683,CLM002368,PERROT,Alexandrie,2012-07-16
BEN00684,CLM002368,FAURE,Victoire,2015-07-23
BEN00685,CLM002384,POULAIN,Nicole,1994-03-17
BEN00686,CLM002384,DELAHAYE,Chantal,2008-06-22
BEN00687,CLM002401,THOMAS,Sophie,1973-10-27
BEN00688,CLM002403,DESCHAMPS,Sylvie,1994-06-16
BEN00689,CLM002403,MONNIER,Michelle,1993-08-23
BEN00690,CLM002410,ROCHE,Nathalie,1950-05-13
BEN00691,CLM002415,ROUSSET,Nicolas,2005-01-31
BEN00692,CLM002415,DUBOIS,Stéphane,1993-03-10
BEN00693,CLM002415,VASSEUR,Philippe,2000-04-03
BEN00694,CLM002416,FERRAND,Richard,1956-12-22
BEN00695,CLM002429,BERTHELOT,Frédéric,1950-09-01
BEN00696,CLM002433,ÉTIENNE,Hélène,1955-12-27
BEN00697,CLM002436,GUILBERT,Danielle,1966-12-08
BEN00698,CLM002441,MEUNIER,Marie,1976-10-25
BEN00699,CLM002443,PERRIER,Diane,1955-01-24
BEN00700,CLM002445,LELIÈVRE,Stéphane,1964-07-19
BEN00701,CLM002446,KLEIN,Matthieu,2013-06-08
BEN00702,CLM002450,DUPUIS,Margot,2011-04-26
BEN00703,CLM002458,TEIXEIRA,Lucas,1958-04-01
BEN00704,CLM002461,MARIE,Rémy,2004-09-04
BEN00705,CLM002464,LOMBARD,Alain,2007-06-11
BEN00706,CLM002464,MEUNIER,Julie,1993-09-29
BEN00707,CLM002465,LEFEBVRE,Michel,1979-08-12
BEN00708,CLM002472,LEFEBVRE,Benoît,2000-02-25
BEN00709,CLM002478,MORVAN,Franck,1978-08-11
BEN00710,CLM002490,TORRES,Stéphanie,1954-11-18
BEN00711,CLM002497,ROBERT,Matthieu,1978-12-11
BEN00712,CLM002501,SEGUIN,Éric,1994-06-10
BEN00713,CLM002515,MULLER,Gabriel,1961-04-17
BEN00714,CLM002523,WEISS,Théophile,1975-05-22
BEN00715,CLM002527,RICHARD,Claudine,2008-02-13
BEN00716,CLM002527,BARRE,Alix,2008-10-28
BEN00717,CLM002527,MASSE,Chantal,2000-04-17
BEN00718,CLM002528,TANGUY,Sophie,1964-10-01
BEN00719,CLM002529,NGUYEN,Jean,2014-05-14
BEN00720,CLM002532,GUÉRIN,Dominique,1962-09-09
BEN00721,CLM002537,DELATTRE,Martin,1965-10-07
BEN00722,CLM002538,FLEURY,Corinne,1972-06-07
BEN00723,CLM002549,SCHNEIDER,Nicole,1956-01-17
BEN00724,CLM002551,GUYON,Sébastien,1974-02-05
BEN00725,CLM002566,REY,Charles,1997-08-31
BEN00726,CLM002566,LE ROUX,Marcel,2010-03-13
BEN00727,CLM002571,HERNANDEZ,Raymond,1952-08-20
BEN00728,CLM002572,CHRÉTIEN,Luce,1961-05-14
BEN00729,CLM002575,VOISIN,Yves,1968-02-18
BEN00730,CLM002578,MONNIER,Alphonse,1965-12-05
BEN00731,CLM002581,BUISSON,William,1972-08-04
BEN00732,CLM002582,ROLLAND,Françoise,1952-11-08
BEN00733,CLM002583,RODRIGUES,Éléonore,1960-02-27
BEN00734,CLM002587,BOUSQUET,Élisabeth,1977-09-20
BEN00735,CLM002589,PASCAL,Étienne,1962-08-11
BEN00736,CLM002597,CARLIER,Édouard,1997-12-03
BEN00737,CLM002603,REY,Céline,1960-07-27
BEN00738,CLM002605,GUIBERT,Émile,2004-01-24
BEN00739,CLM002607,BLIN,Victor,1978-01-10
BEN00740,CLM002617,POTTIER,Denise,1990-09-29
BEN00741,CLM002617,REGNIER,Pénélope,1991-01-12
BEN00742,CLM002617,LEROY,Claudine,2002-03-24
BEN00743,CLM002618,JEAN,Sophie,1970-12-27
BEN00744,CLM002619,MEUNIER,Claire,1971-08-21
BEN00745,CLM002621,RIVIÈRE,Thibault,2012-05-27
BEN00746,CLM002621,GILLET,Maurice,1993-11-09
BEN00747,CLM002621,LÉVÊQUE,Zacharie,2003-02-14
BEN00748,CLM002624,COUSIN,Guy,2004-05-29
BEN00749,CLM002624,JOUBERT,Thibault,2009-10-21
BEN00750,CLM002625,GAY,Sylvie,1973-07-11
BEN00751,CLM002626,DIJOUX,Thérèse,1975-04-22
BEN00752,CLM002631,LEGROS,Marcel,1996-01-15
BEN00753,CLM002631,SAMSON,Louise,1994-09-17
BEN00754,CLM002631,DELANNOY,Philippine,2004-12-20
BEN00755,CLM002638,DEVAUX,Capucine,2002-11-17
BEN00756,CLM002638,SCHMITT,Bernard,2002-05-17
BEN00757,CLM002638,LACROIX,Jacques,1994-12-22
BEN00758,CLM002640,BOURGEOIS,Édith,1959-08-23
BEN00759,CLM002641,HUBERT,Paulette,1959-01-14
BEN00760,CLM002646,MEYER,Odette,2008-06-15
BEN00761,CLM002648,MARCHAND,Christine,1952-05-25
BEN00762,CLM002651,BONNET,Thierry,1994-02-07
BEN00763,CLM002659,BOURDON,Raymond,1957-01-15
BEN00764,CLM002666,DUPUIS,Guillaume,1966-11-27
BEN00765,CLM002667,MARTEL,Marine,1996-12-07
BEN00766,CLM002667,KLEIN,Antoine,2003-05-21
BEN00767,CLM002667,LEROUX,Alex,1995-06-30
BEN00768,CLM002670,BENARD,Zacharie,1954-07-29
BEN00769,CLM002671,DIAS,Tristan,1977-12-23
BEN00770,CLM002676,CHAUVET,Jules,1957-01-26
BEN00771,CLM002678,CHARLES,Aimée,1964-05-27
BEN00772,CLM002679,VAILLANT,Benoît,1957-04-28
BEN00773,CLM002688,GAILLARD,Noël,1980-09-26
BEN00774,CLM002691,MACE,Nathalie,1992-10-22
BEN00775,CLM002691,HOARAU,Georges,1996-08-10
BEN00776,CLM002693,LEROY,Corinne,1968-04-17
BEN00777,CLM002702,PERRIN,Corinne,2004-07-15
BEN00778,CLM002702,MONNIER,Madeleine,1990-09-29
BEN00779,CLM002722,GUYOT,Michelle,2010-02-15
BEN00780,CLM002722,REGNIER,Nathalie,1993-05-16
BEN00781,CLM002727,LAURENT,Thérèse,2007-03-18
BEN00782,CLM002727,GERMAIN,Océane,1993-12-06
BEN00783,CLM002727,NORMAND,Simone,1994-08-06
BEN00784,CLM002739,MORIN,Philippe,1991-09-07
BEN00785,CLM002739,HUET,Margaux,2010-03-05
BEN00786,CLM002741,BLONDEL,Dorothée,2014-12-14
BEN00787,CLM002741,LACOMBE,Joseph,2007-04-07
BEN00788,CLM002741,REYNAUD,Maurice,1991-05-26
BEN00789,CLM002747,COULON,Luce,1977-06-21
BEN00790,CLM002751,BECKER,Virginie,1994-03-21
BEN00791,CLM002751,DA COSTA,Inès,2004-03-17
BEN00792,CLM002751,LAMBERT,Jacqueline,2015-08-30
BEN00793,CLM002752,BAUDRY,Raymond,1962-10-05
BEN00794,CLM002756,DESCAMPS,Roger,1972-05-18
BEN00795,CLM002757,MAHE,Éric,1965-03-04
BEN00796,CLM002758,JOUBERT,Lucy,1976-07-15
BEN00797,CLM002764,DIALLO,Christophe,1963-12-25
BEN00798,CLM002768,MACE,Luc,1950-11-09
BEN00799,CLM002772,MEUNIER,Théodore,2000-12-20
BEN00800,CLM002772,THIERRY,Auguste,2006-02-17
BEN00801,CLM002772,CORDIER,Henri,1993-01-22
BEN00802,CLM002775,GUÉRIN,Michelle,1955-06-05
BEN00803,CLM002780,JACQUET,Anouk,1957-07-30
BEN00804,CLM002792,GAUTHIER,Nicolas,2011-06-19
BEN00805,CLM002792,FABRE,Adèle,2007-02-03
BEN00806,CLM002796,BERTIN,Brigitte,1997-05-18
BEN00807,CLM002796,ROCHE,Stéphanie,1999-10-29
BEN00808,CLM002796,RAMOS,Paul,2005-11-11
BEN00809,CLM002802,GEORGES,Charles,1975-05-08
BEN00810,CLM002805,ROY,Pauline,2005-04-25
BEN00811,CLM002807,LEBRUN,Tristan,1973-10-20
BEN00812,CLM002811,PERROT,Olivie,2007-06-17
BEN00813,CLM002813,HAMEL,Marie,2009-04-30
BEN00814,CLM002813,MICHAUD,Laurent,2012-01-29
BEN00815,CLM002813,CHARPENTIER,Louise,1997-01-27
BEN00816,CLM002834,DIAS,Georges,1974-07-08
BEN00817,CLM002835,AUBRY,Gabriel,2001-07-15
BEN00818,CLM002837,JOURDAN,Adrienne,1972-02-27
BEN00819,CLM002848,BARTHELEMY,Cécile,1959-06-23
BEN00820,CLM002852,CHARTIER,Frédéric,1979-10-19
BEN00821,CLM002875,PASCAL,Bertrand,1964-10-26
BEN00822,CLM002876,LETELLIER,Catherine,2014-05-10
BEN00823,CLM002876,DESCHAMPS,Geneviève,1995-05-12
BEN00824,CLM002876,DUFOUR,Guy,1990-05-18
BEN00825,CLM002879,HAMEL,Margaud,1979-07-20
BEN00826,CLM002884,IMBERT,Laurent,1961-05-24
BEN00827,CLM002891,MAURICE,Zoé,2000-10-12
BEN00828,CLM002891,GILBERT,Arnaude,2003-02-10
BEN00829,CLM002899,ALVES,Grégoire,1962-07-13
BEN00830,CLM002903,ROSSI,Luce,1971-11-15
BEN00831,CLM002911,POULAIN,Martine,2000-12-07
BEN00832,CLM002911,DUVAL,Lucie,2015-04-08
BEN00833,CLM002918,POIRIER,Franck,2007-03-05
BEN00834,CLM002918,ALLAIN,Adrien,2005-03-28
BEN00835,CLM002918,BLANCHET,Olivie,1995-11-21
BEN00836,CLM002922,ARNAUD,Pauline,1964-05-23
BEN00837,CLM002923,PONS,Roger,1995-01-12
BEN00838,CLM002939,PRÉVOST,Margaux,2004-11-26
BEN00839,CLM002942,SAUVAGE,Robert,2000-09-02
BEN00840,CLM002942,BESSON,Antoinette,2013-10-16
BEN00841,CLM002943,LÉVÊQUE,Inès,1990-08-23
BEN00842,CLM002944,GILLES,Odette,1950-10-22
BEN00843,CLM002950,TEXIER,Henri,1972-11-11
BEN00844,CLM002960,GUICHARD,Alfred,2011-05-15
BEN00845,CLM002960,COULON,Aurélie,2005-05-12
BEN00846,CLM002960,AUBERT,Michel,2013-09-06
BEN00847,CLM002964,OLLIVIER,Véronique,1963-12-14
BEN00848,CLM002965,BLOT,Susanne,1960-08-03
BEN00849,CLM002977,GRONDIN,Arnaude,1991-10-01
BEN00850,CLM002977,HERVÉ,Camille,2009-09-04
BEN00851,CLM002985,BECKER,Luc,2008-02-11
BEN00852,CLM002985,BESSON,Olivie,1994-10-11
BEN00853,CLM002991,GRONDIN,Clémence,1959-02-17
BEN00854,CLM002995,MARIE,Jules,1956-02-03
BEN00855,CLM002996,PERRIN,Stéphane,2009-12-03
BEN00856,CLM003001,CARLIER,Patrick,1952-03-13
BEN00857,CLM003007,VINCENT,Colette,1955-07-03
BEN00858,CLM003008,LOPEZ,Manon,1970-11-24
BEN00859,CLM003013,BOYER,Julie,1959-07-05
BEN00860,CLM003019,BOULANGER,Éléonore,1960-04-02
BEN00861,CLM003033,LECLERC,Susan,1997-05-28
BEN00862,CLM003033,LEFEBVRE,Pierre,2006-11-10
BEN00863,CLM003042,PICARD,Pénélope,2005-05-12
BEN00864,CLM003042,HAMEL,Élodie,2005-03-09
BEN00865,CLM003042,MICHAUD,Martin,2007-05-23
BEN00866,CLM003043,GÉRARD,Olivier,1994-03-11
BEN00867,CLM003043,FRANÇOIS,Benoît,1997-04-10
BEN00868,CLM003061,SCHMITT,Anne,2004-03-28
BEN00869,CLM003061,PELLETIER,Marie,2013-05-16
BEN00870,CLM003061,JULIEN,Colette,2015-08-01
BEN00871,CLM003062,CARRE,Christiane,1967-11-07
BEN00872,CLM003073,AUBRY,Maggie,2003-07-07
BEN00873,CLM003073,KLEIN,Josette,2007-09-25
BEN00874,CLM003074,BOURGEOIS,Anastasie,1968-12-01
BEN00875,CLM003080,CARLIER,Claudine,1998-05-16
BEN00876,CLM003086,DUMAS,Victor,1963-02-11
BEN00877,CLM003090,MEUNIER,Eugène,2007-03-26
BEN00878,CLM003100,ALEXANDRE,Alfred,1960-06-17
BEN00879,CLM003101,DIJOUX,Paul,1968-06-09
BEN00880,CLM003110,LÉGER,Benjamin,1950-10-23
BEN00881,CLM003123,BRUN,Victoire,1992-11-07
BEN00882,CLM003123,GUILLOU,Jeanne,2000-04-07
BEN00883,CLM003123,PINEAU,Susan,1996-02-02
BEN00884,CLM003127,GUYOT,Renée,1977-04-07
BEN00885,CLM003129,BERNARD,Laure,1969-01-31
BEN00886,CLM003140,LECOMTE,Paulette,1972-05-31
BEN00887,CLM003142,TORRES,Isabelle,2012-05-31
BEN00888,CLM003143,MARTINS,René,1956-07-14
BEN00889,CLM003145,RAYMOND,Marie,1992-03-20
BEN00890,CLM003145,LAGARDE,Anaïs,1996-09-15
BEN00891,CLM003145,GUYOT,Christelle,1990-02-20
BEN00892,CLM003151,JOSEPH,Louis,1969-02-18
BEN00893,CLM003152,MARCHAL,Matthieu,1956-05-07
BEN00894,CLM003155,LEGENDRE,Mathilde,1969-11-11
BEN00895,CLM003160,MARQUES,Amélie,1968-03-04
BEN00896,CLM003161,GONCALVES,Susanne,1996-09-13
BEN00897,CLM003166,DUVAL,Nicole,1952-06-03
BEN00898,CLM003172,GERMAIN,Stéphane,2006-07-23
BEN00899,CLM003172,GÉRARD,Maryse,2001-05-03
BEN00900,CLM003172,DELATTRE,Grégoire,2003-10-12
BEN00901,CLM003173,PASQUIER,Cécile,1951-08-24
BEN00902,CLM003174,FAURE,Édith,1980-05-14
BEN00903,CLM003181,TANGUY,Josette,1960-05-16
BEN00904,CLM003182,WEISS,Hugues,2011-07-28
BEN00905,CLM003182,LEJEUNE,Nathalie,1996-02-23
BEN00906,CLM003202,MARTEL,Charles,1992-01-20
BEN00907,CLM003208,BLANC,Marc,1990-03-18
BEN00908,CLM003208,PERRET,Christophe,2012-03-16
BEN00909,CLM003208,GUILLON,Éric,1998-03-30
BEN00910,CLM003212,PASQUIER,Amélie,2005-07-14
BEN00911,CLM003212,NAVARRO,Matthieu,2011-08-20
BEN00912,CLM003212,LEMOINE,Sophie,1990-03-11
BEN00913,CLM003222,BLANCHARD,Georges,1973-09-20
BEN00914,CLM003223,BOUTIN,Nathalie,2001-06-25
BEN00915,CLM003223,WEISS,Céline,1991-07-11
BEN00916,CLM003224,DELAHAYE,Pénélope,1963-04-27
BEN00917,CLM003245,PONS,Adèle,1980-11-29
BEN00918,CLM003248,PRUVOST,Robert,1962-04-12
BEN00919,CLM003254,MERCIER,Théophile,1962-03-03
BEN00920,CLM003261,AUBRY,Claire,1956-08-31
BEN00921,CLM003266,VOISIN,Nathalie,1957-08-23
BEN00922,CLM003269,COLIN,André,1962-06-17
BEN00923,CLM003271,LECOQ,Roger,1998-04-04
BEN00924,CLM003273,LEBLANC,Maurice,1961-07-28
BEN00925,CLM003275,HUBERT,Capucine,1991-06-23
BEN00926,CLM003275,FOUCHER,Simone,2002-04-14
BEN00927,CLM003275,CHEVALLIER,Jacqueline,1998-04-22
BEN00928,CLM003279,PINEAU,Joséphine,2009-10-27
BEN00929,CLM003279,ROUSSEL,Marthe,2013-04-29
BEN00930,CLM003279,GAY,Guillaume,2004-07-03
BEN00931,CLM003281,JACQUES,Andrée,1961-10-24
BEN00932,CLM003285,GÉRARD,Sophie,1979-08-05
BEN00933,CLM003286,MAILLARD,Patrick,2011-06-18
BEN00934,CLM003286,BRUNEAU,Anouk,2001-05-30
BEN00935,CLM003290,DELMAS,Benoît,2014-09-26
BEN00936,CLM003290,CHRÉTIEN,Andrée,2001-01-06
BEN00937,CLM003293,LOUIS,Auguste,2013-12-25
BEN00938,CLM003301,MOREL,Chantal,2002-04-16
BEN00939,CLM003306,PRUVOST,Éléonore,1974-11-16
BEN00940,CLM003308,GIRAUD,Marc,1961-08-20
BEN00941,CLM003315,NEVEU,Martin,1979-03-31
BEN00942,CLM003322,RIOU,Pénélope,1950-09-14
BEN00943,CLM003324,PETITJEAN,Frédérique,2010-09-24
BEN00944,CLM003324,BLIN,Denis,1991-01-07
BEN00945,CLM003324,REYNAUD,Constance,2006-01-18
BEN00946,CLM003340,MARIN,Olivie,2007-10-06
BEN00947,CLM003340,MARTINS,Margot,1997-05-18
BEN00948,CLM003340,TECHER,Aimée,1999-09-11
BEN00949,CLM003351,HUMBERT,Matthieu,2008-03-27
BEN00950,CLM003351,LOISEAU,Julien,1994-02-27
BEN00951,CLM003351,SANCHEZ,Franck,2010-03-08
BEN00952,CLM003355,GAUDIN,Cécile,1973-10-06
BEN00953,CLM003367,LENOIR,Odette,2013-08-21
BEN00954,CLM003368,HENRY,Nicole,1996-04-21
BEN00955,CLM003368,JACOB,Guy,2004-03-12
BEN00956,CLM003368,JACOB,Lucy,2010-11-24
BEN00957,CLM003373,BAUDRY,Édith,1973-08-23
BEN00958,CLM003375,MARTEL,Brigitte,1958-01-02
BEN00959,CLM003383,VASSEUR,Vincent,1978-03-18
BEN00960,CLM003389,ROUSSET,Margot,2009-12-03
BEN00961,CLM003389,FERREIRA,Benoît,2008-03-02
BEN00962,CLM003390,BENARD,Camille,1965-08-05
BEN00963,CLM003393,TORRES,Stéphanie,1998-12-06
BEN00964,CLM003393,DIAZ,Laurence,2002-02-06
BEN00965,CLM003397,PINTO,Marcel,2000-07-06
BEN00966,CLM003397,RIBEIRO,Théophile,2009-07-09
BEN00967,CLM003399,VALETTE,Antoinette,1997-10-13
BEN00968,CLM003400,BARBE,Zacharie,2013-11-22
BEN00969,CLM003400,BERNARD,Auguste,1991-07-17
BEN00970,CLM003400,LEGENDRE,Théodore,2008-10-06
BEN00971,CLM003403,PONS,Laetitia,2010-01-08
BEN00972,CLM003403,LABBÉ,Raymond,2000-10-09
BEN00973,CLM003406,PINEAU,Olivie,2004-08-04
BEN00974,CLM003416,CHARTIER,Paulette,1980-01-02
BEN00975,CLM003418,ALLAIN,Isaac,2007-05-27
BEN00976,CLM003418,MARY,Nicolas,2009-10-11
BEN00977,CLM003420,JOURDAN,Andrée,1996-08-03
BEN00978,CLM003420,DIALLO,Claude,1994-09-29
BEN00979,CLM003422,GILLES,Eugène,1973-03-16
BEN00980,CLM003426,CHEVALLIER,Dominique,1957-08-26
BEN00981,CLM003431,BOUCHET,Honoré,1974-02-01
BEN00982,CLM003435,FOUCHER,Martine,2006-01-04
BEN00983,CLM003441,BOURDON,Augustin,1980-11-29
BEN00984,CLM003442,DEVAUX,Capucine,1950-05-24
BEN00985,CLM003446,BAUDRY,Gilles,1965-03-10
BEN00986,CLM003448,COLAS,Anaïs,1966-08-05
BEN00987,CLM003452,GIMENEZ,Alice,1959-10-30
BEN00988,CLM003457,GRONDIN,Madeleine,1958-10-06
BEN00989,CLM003461,LAUNAY,Nath,2015-02-28
BEN00990,CLM003470,VALLET,Claudine,2009-09-22
BEN00991,CLM003470,SAUVAGE,Valérie,1993-09-11
BEN00992,CLM003472,LAUNAY,Nicolas,1960-07-12
BEN00993,CLM003478,FERRAND,Alexandria,2004-02-02
BEN00994,CLM003478,COLLIN,Michel,1995-06-27
BEN00995,CLM003481,GUICHARD,Gilbert,2009-03-08
BEN00996,CLM003481,OLLIVIER,Olivier,1996-07-28
BEN00997,CLM003482,ANTOINE,Alain,1953-01-25
BEN00998,CLM003484,MOREAU,Sophie,2009-10-22
BEN00999,CLM003484,SAUVAGE,Agnès,2014-12-03
BEN01000,CLM003484,TESSIER,Alain,2004-01-26
BEN01001,CLM003502,BOUCHER,Alain,1995-03-17
BEN01002,CLM003502,GILLES,Gabrielle,2002-05-03
BEN01003,CLM003505,BARON,Gabriel,1995-03-17
BEN01004,CLM003512,LACOMBE,Louis,2013-10-29
BEN01005,CLM003512,GROS,Nicolas,2001-07-29
BEN01006,CLM003516,VALETTE,Constance,1963-05-15
BEN01007,CLM003517,BAUDRY,Bernard,1971-04-20
BEN01008,CLM003523,PERRIN,Christophe,1955-01-15
BEN01009,CLM003528,JACQUES,Timothée,1950-10-09
BEN01010,CLM003533,GÉRARD,Stéphanie,1992-04-07
BEN01011,CLM003538,DEVAUX,Madeleine,1996-08-11
BEN01012,CLM003540,PAYET,Aimé,2002-01-08
BEN01013,CLM003544,CLERC,Charlotte,1968-01-21
BEN01014,CLM003545,GODARD,Alexandre,1974-10-14
BEN01015,CLM003548,MAHE,Christine,1955-01-27
BEN01016,CLM003549,CLERC,Inès,2005-05-09
BEN01017,CLM003549,DESCAMPS,Constance,1990-09-07
BEN01018,CLM003557,PAGES,Monique,1993-10-29
BEN01019,CLM003557,REGNIER,Maggie,2012-11-03
BEN01020,CLM003558,MARÉCHAL,Gérard,1950-10-09
BEN01021,CLM003565,BLONDEL,Jérôme,1976-07-11
BEN01022,CLM003567,BESSON,Arnaude,2003-06-20
BEN01023,CLM003567,MUNOZ,Daniel,2013-02-20
BEN01024,CLM003567,LEGROS,Aurélie,1998-12-27
BEN01025,CLM003568,BERTIN,Augustin,1957-02-21
BEN01026,CLM003569,PICARD,Françoise,1996-01-30
BEN01027,CLM003569,CLERC,Adrien,1991-08-01
BEN01028,CLM003569,PAYET,Gabrielle,1997-12-07
BEN01029,CLM003572,MICHEL,William,2000-07-31
BEN01030,CLM003572,PICARD,Joseph,2003-01-22
BEN01031,CLM003572,POTIER,Thibaut,2002-01-24
BEN01032,CLM003573,COUSIN,Zoé,1968-02-02
BEN01033,CLM003578,CHEVALLIER,Aurore,2011-10-16
BEN01034,CLM003578,PEREZ,Marthe,2005-05-19
BEN01035,CLM003580,PASQUIER,Victor,2014-07-01
BEN01036,CLM003580,MORIN,Christelle,1994-08-04
BEN01037,CLM003580,ROCHER,Valérie,1992-02-03
BEN01038,CLM003586,ALVES,Gabrielle,2010-10-04
BEN01039,CLM003586,LESAGE,Anastasie,2006-12-11
BEN01040,CLM003588,LEJEUNE,Jules,1966-06-16
BEN01041,CLM003593,ANTOINE,Adrienne,1964-09-08
BEN01042,CLM003606,MAHE,Sylvie,1968-02-14
BEN01043,CLM003610,ROUX,Théophile,1990-04-26
BEN01044,CLM003610,CARPENTIER,Émilie,1994-07-18
BEN01045,CLM003610,LAPORTE,Luc,1997-08-23
BEN01046,CLM003613,PIERRE,Olivie,1998-12-03
BEN01047,CLM003613,MASSE,Jérôme,2003-01-20
BEN01048,CLM003613,PHILIPPE,Margot,2014-09-18
BEN01049,CLM003620,CHAUVEAU,Dorothée,1998-04-25
BEN01050,CLM003620,AUBRY,André,1998-12-27
BEN01051,CLM003629,LOISEAU,Hortense,1952-11-04
BEN01052,CLM003633,MENDÈS,Georges,2011-11-06
BEN01053,CLM003636,LEMOINE,Philippine,2013-10-29
BEN01054,CLM003636,DELAUNAY,Joséphine,2009-08-29
BEN01055,CLM003636,GARNIER,Cécile,1998-08-28
BEN01056,CLM003640,LEBON,Pauline,2008-10-11
BEN01057,CLM003646,ADAM,Hortense,2000-07-06
BEN01058,CLM003646,PASCAL,Aimée,1996-06-02
BEN01059,CLM003646,PONS,Capucine,1991-08-07
BEN01060,CLM003665,COLLET,Jacques,1993-11-01
BEN01061,CLM003665,HEBERT,Marc,2002-01-27
BEN01062,CLM003665,GOMES,Hélène,1994-10-14
BEN01063,CLM003668,LENOIR,Rémy,1950-08-19
BEN01064,CLM003677,LEFÈVRE,Margaret,1976-10-11
BEN01065,CLM003679,NORMAND,Maggie,1960-04-15
BEN01066,CLM003680,PINEAU,André,1993-12-13
BEN01067,CLM003680,MACE,Sylvie,1999-06-14
BEN01068,CLM003681,LEBRUN,Théophile,1968-03-20
BEN01069,CLM003686,BIGOT,Honoré,2010-10-12
BEN01070,CLM003686,ROUSSEAU,Odette,1993-09-07
BEN01071,CLM003686,LEGENDRE,Grégoire,2015-06-29
BEN01072,CLM003692,LESAGE,René,1991-04-24
BEN01073,CLM003692,CHEVALLIER,Marie,2005-06-30
BEN01074,CLM003692,MILLET,Susan,2010-08-13
BEN01075,CLM003702,BLANCHARD,Jacqueline,2002-07-02
BEN01076,CLM003702,PASQUIER,Céline,2011-05-25
BEN01077,CLM003715,WAGNER,Jeannine,1962-07-08
BEN01078,CLM003716,DESCHAMPS,Charlotte,1950-01-22
BEN01079,CLM003721,MASSON,Constance,2012-06-30
BEN01080,CLM003721,TEXIER,Zoé,2003-11-11
BEN01081,CLM003721,GARNIER,Martine,2001-04-27
BEN01082,CLM003724,GILBERT,Anouk,1968-06-29
BEN01083,CLM003726,GIMENEZ,Benjamin,1964-05-28
BEN01084,CLM003728,CAMUS,Nicolas,1959-01-15
BEN01085,CLM003734,DELANNOY,Gabriel,1961-11-23
BEN01086,CLM003736,PAGES,Benjamin,1991-04-22
BEN01087,CLM003736,LEROY,Édouard,2000-11-08
BEN01088,CLM003736,PONS,Hélène,1993-01-05
BEN01089,CLM003751,GEORGES,Charlotte,2006-08-08
BEN01090,CLM003751,MARÉCHAL,Alice,1997-02-14
BEN01091,CLM003770,LAROCHE,Benjamin,1972-02-13
BEN01092,CLM003774,ROUX,Joseph,2006-04-12
BEN01093,CLM003774,LEROUX,Alexandre,1992-01-15
BEN01094,CLM003774,LAURENT,Madeleine,1996-01-03
BEN01095,CLM003779,MENARD,Marie,1954-11-12
BEN01096,CLM003780,BONNIN,Aurore,1962-07-08
BEN01097,CLM003789,LE GALL,Pénélope,2001-11-06
BEN01098,CLM003789,DUMONT,Martin,2010-02-05
BEN01099,CLM003789,GROS,Jacques,1992-06-26
BEN01100,CLM003794,DUFOUR,Paul,2004-07-27
BEN01101,CLM003796,LE GOFF,Timothée,2003-06-17
BEN01102,CLM003796,ARNAUD,Guy,2006-07-05
BEN01103,CLM003796,MARTINEZ,Josette,2005-12-08
BEN01104,CLM003797,LANGLOIS,Eugène,1958-08-12
BEN01105,CLM003799,GAILLARD,Raymond,1954-01-10
BEN01106,CLM003819,MARQUES,Marcelle,1999-04-03
BEN01107,CLM003822,FISCHER,Andrée,2007-02-21
BEN01108,CLM003827,LEMOINE,Luce,1972-10-02
BEN01109,CLM003828,TOUSSAINT,Franck,1991-09-28
BEN01110,CLM003828,CARON,Nicole,2000-05-09
BEN01111,CLM003828,SIMON,Jean,2009-02-03
BEN01112,CLM003833,ALVES,Raymond,1980-01-05
BEN01113,CLM003835,JOURDAN,Valentine,2015-12-18
BEN01114,CLM003835,MICHEL,Hortense,2013-07-24
BEN01115,CLM003836,FLEURY,Franck,1956-04-02
BEN01116,CLM003837,CHEVALIER,Laurent,1970-10-14
BEN01117,CLM003839,COLAS,Simone,1991-05-20
BEN01118,CLM003839,ANTOINE,Xavier,2000-03-23
BEN01119,CLM003852,BERTIN,Adèle,2009-01-08
BEN01120,CLM003852,LEROUX,Vincent,1998-11-29
BEN01121,CLM003854,LEMONNIER,Thomas,2005-02-10
BEN01122,CLM003854,PEREIRA,Capucine,2002-05-28
BEN01123,CLM003854,DIALLO,Amélie,1990-09-30
BEN01124,CLM003856,JULIEN,Arnaude,1976-08-02
BEN01125,CLM003857,AUGER,Laetitia,1990-07-18
BEN01126,CLM003861,VAILLANT,Matthieu,1973-09-08
BEN01127,CLM003863,DE OLIVEIRA,Thibaut,2015-09-28
BEN01128,CLM003863,MARION,Tristan,1994-08-08
BEN01129,CLM003863,MICHEL,Véronique,2014-10-15
BEN01130,CLM003865,JOSEPH,Marcelle,1996-12-28
BEN01131,CLM003867,SCHMITT,Anouk,1971-10-08
BEN01132,CLM003871,CARON,Danielle,1992-09-11
BEN01133,CLM003871,CHAUVET,Suzanne,2004-10-13
BEN01134,CLM003871,LEDUC,Alexandrie,1994-12-18
BEN01135,CLM003880,LABBÉ,Claudine,2008-11-12
BEN01136,CLM003880,BRUNET,Charles,2000-02-19
BEN01137,CLM003880,CHAUVEAU,Margaud,1993-10-14
BEN01138,CLM003882,PAGES,Léon,2000-02-05
BEN01139,CLM003883,MENDÈS,Eugène,1955-06-04
BEN01140,CLM003887,RENAULT,Marine,2010-07-03
BEN01141,CLM003887,PIERRE,Dominique,1994-12-08
BEN01142,CLM003889,DUBOIS,Anne,2003-11-09
BEN01143,CLM003922,ROUSSEL,Théophile,1952-07-23
BEN01144,CLM003923,GOMEZ,Suzanne,1993-05-27
BEN01145,CLM003923,SCHMITT,Danielle,2004-12-28
BEN01146,CLM003923,CHARRIER,Aimée,2008-08-30
BEN01147,CLM003933,EVRARD,Hortense,1966-01-25
BEN01148,CLM003934,LOISEAU,Stéphane,1967-03-07
BEN01149,CLM003936,SAUVAGE,Augustin,1996-11-26
BEN01150,CLM003939,BRUNEL,Margaux,1997-09-26
BEN01151,CLM003945,GUILLON,Sylvie,2010-11-02
BEN01152,CLM003945,LEFEBVRE,Arnaude,2004-12-23
BEN01153,CLM003945,JOSEPH,Hortense,2005-06-16
BEN01154,CLM003946,CHAUVEAU,Nicole,1954-08-08
BEN01155,CLM003947,LÉVY,Gabriel,1967-09-23
BEN01156,CLM003960,COURTOIS,Geneviève,1955-10-30
BEN01157,CLM003964,RODRIGUEZ,Maurice,1977-11-28
BEN01158,CLM003977,GEORGES,David,2013-07-26
BEN01159,CLM003977,LOPEZ,Raymond,2008-04-25
BEN01160,CLM003977,BAILLY,Inès,2001-10-24
BEN01161,CLM003985,LOPEZ,Clémence,2007-10-19
BEN01162,CLM003985,PEREIRA,Margaux,2011-08-24
BEN01163,CLM003985,DUVAL,Maurice,1998-04-23
BEN01164,CLM003987,DELMAS,Audrey,2009-10-18
BEN01165,CLM003995,FLEURY,Audrey,1991-05-12
BEN01166,CLM003995,GIMENEZ,Laetitia,1995-12-24
BEN01167,CLM004005,VINCENT,Alice,1972-02-01
BEN01168,CLM004009,LACOMBE,Élisabeth,1992-07-15
BEN01169,CLM004013,EVRARD,Chantal,1977-10-18
BEN01170,CLM004014,BUISSON,Thomas,2013-10-28
BEN01171,CLM004019,TANGUY,André,2008-10-10
BEN01172,CLM004019,ROCHE,Joséphine,1994-12-31
BEN01173,CLM004023,ROUSSEL,Guy,1992-09-12
BEN01174,CLM004023,WEISS,Suzanne,1995-12-06
BEN01175,CLM004023,JACQUES,Stéphanie,2015-11-29
BEN01176,CLM004026,GUILLET,Laure,1964-09-25
BEN01177,CLM004028,MOREL,Yves,1997-11-07
BEN01178,CLM004028,AUBERT,Marguerite,1996-09-09
BEN01179,CLM004028,ALLARD,Noémi,2015-04-09
BEN01180,CLM004047,DIDIER,Xavier,1976-08-16
BEN01181,CLM004056,SANCHEZ,Michelle,2002-01-06
BEN01182,CLM004056,JACQUOT,Corinne,2011-04-01
BEN01183,CLM004061,LEMONNIER,Victoire,2008-02-14
BEN01184,CLM004066,FERRAND,Zacharie,1957-05-12
BEN01185,CLM004068,LECOMTE,Nathalie,2011-12-23
BEN01186,CLM004068,SAMSON,Philippe,2001-08-25
BEN01187,CLM004069,ARNAUD,Virginie,1992-02-07
BEN01188,CLM004069,VERDIER,Catherine,2014-10-28
BEN01189,CLM004069,CLERC,Bernard,2008-09-13
BEN01190,CLM004070,ROLLAND,Hélène,1999-12-29
BEN01191,CLM004073,BERNIER,Célina,1980-01-19
BEN01192,CLM004079,FOUCHER,Patricia,1990-03-23
BEN01193,CLM004082,TEIXEIRA,Luc,1976-09-09
BEN01194,CLM004086,GRONDIN,Denise,1974-07-20
BEN01195,CLM004087,BERNARD,Antoine,1955-11-24
BEN01196,CLM004094,FLEURY,Éric,1980-02-08
BEN01197,CLM004100,BOUCHER,Margot,1992-08-23
BEN01198,CLM004100,LECLERCQ,Jacques,1995-07-02
BEN01199,CLM004100,GUIBERT,Philippine,2009-09-19
BEN01200,CLM004104,LEMONNIER,Arnaude,2010-07-20
BEN01201,CLM004104,CHAUVEAU,Marianne,2000-11-09
BEN01202,CLM004105,IMBERT,Juliette,1953-07-20
BEN01203,CLM004112,LANGLOIS,Luce,1998-02-27
BEN01204,CLM004112,HERNANDEZ,Gérard,1991-06-10
BEN01205,CLM004112,PETIT,Valentine,1990-01-22
BEN01206,CLM004115,AUBRY,Pauline,1993-03-06
BEN01207,CLM004122,LUCAS,Lucas,1969-06-14
BEN01208,CLM004139,BLANCHARD,Alexandre,1976-11-24
BEN01209,CLM004145,FONTAINE,Marthe,1975-06-07
BEN01210,CLM004152,NORMAND,Françoise,1966-02-04
BEN01211,CLM004154,CHEVALLIER,Aimée,1999-06-30
BEN01212,CLM004154,MORVAN,Alexandria,1992-02-28
BEN01213,CLM004154,ROGER,Marthe,2007-07-06
BEN01214,CLM004155,LEMONNIER,Laurent,1958-02-24
BEN01215,CLM004157,HUBERT,Raymond,1974-07-10
BEN01216,CLM004172,GUILBERT,Claire,1964-04-05
BEN01217,CLM004173,HARDY,Daniel,1951-07-02
BEN01218,CLM004180,CHAUVET,Michel,1965-04-06
BEN01219,CLM004189,LÉGER,Jacques,1950-06-27
BEN01220,CLM004197,MORIN,Christophe,2005-07-28
BEN01221,CLM004197,JACQUET,Brigitte,1995-11-18
BEN01222,CLM004197,IMBERT,Roland,2006-01-19
BEN01223,CLM004198,CHAUVIN,Chantal,2009-09-28
BEN01224,CLM004200,GOMES,Claire,1963-02-07
BEN01225,CLM004213,VASSEUR,Jean,2002-01-31
BEN01226,CLM004214,BOUTIN,Timothée,1999-04-14
BEN01227,CLM004214,CLÉMENT,Mathilde,2006-04-19
BEN01228,CLM004214,TECHER,Philippe,1999-04-10
BEN01229,CLM004218,NICOLAS,Xavier,1993-02-02
BEN01230,CLM004218,HUMBERT,Daniel,2010-01-14
BEN01231,CLM004225,PINEAU,Laurent,1974-06-29
BEN01232,CLM004236,FERNANDEZ,Joseph,1950-09-30
BEN01233,CLM004237,GUYOT,Maurice,1961-04-24
BEN01234,CLM004241,GÉRARD,Gabriel,2010-01-25
BEN01235,CLM004241,CHAUVEAU,Inès,2000-09-24
BEN01236,CLM004242,ALBERT,Henriette,1998-12-02
BEN01237,CLM004258,BRUNET,Philippe,2012-10-23
BEN01238,CLM004258,REYNAUD,Suzanne,2005-07-15
BEN01239,CLM004258,GRENIER,Martine,2002-03-28
BEN01240,CLM004261,ALEXANDRE,Gabriel,2013-05-28
BEN01241,CLM004264,PINTO,Robert,2011-02-16
BEN01242,CLM004268,ROUSSEAU,Michel,1994-01-19
BEN01243,CLM004274,MILLET,Luce,1999-11-02
BEN01244,CLM004274,MENDÈS,Lucas,2005-07-04
BEN01245,CLM004275,NEVEU,Auguste,1979-10-04
BEN01246,CLM004282,FOURNIER,Pauline,2008-01-15
BEN01247,CLM004282,LE ROUX,Alice,2014-06-28
BEN01248,CLM004282,DIJOUX,Richard,2008-08-27
BEN01249,CLM004293,DENIS,Caroline,1955-11-28
BEN01250,CLM004312,MEYER,Claudine,1968-02-04
BEN01251,CLM004317,LACROIX,Richard,2007-03-18
BEN01252,CLM004317,LEFÈVRE,Anaïs,2012-04-07
BEN01253,CLM004320,MORENO,Virginie,1969-01-01
BEN01254,CLM004325,MARIN,Suzanne,2002-06-12
BEN01255,CLM004325,BOULANGER,Rémy,2000-05-12
BEN01256,CLM004325,FERREIRA,Michel,2001-08-03
BEN01257,CLM004326,BECKER,Jules,1962-02-11
BEN01258,CLM004335,JACOB,Léon,2005-02-22
BEN01259,CLM004335,WAGNER,Mathilde,1990-02-25
BEN01260,CLM004338,THOMAS,Dominique,2009-08-12
BEN01261,CLM004338,LAROCHE,François,2002-10-22
BEN01262,CLM004343,JULIEN,Bertrand,1998-10-01
BEN01263,CLM004343,COURTOIS,Lucy,2015-05-05
BEN01264,CLM004344,CHRÉTIEN,Inès,1999-07-27
BEN01265,CLM004344,PAYET,Gilles,2002-04-08
BEN01266,CLM004350,BONNEAU,Corinne,1992-10-28
BEN01267,CLM004350,RENAUD,Benjamin,2001-11-02
BEN01268,CLM004350,MAURY,Henri,1995-02-01
BEN01269,CLM004356,RODRIGUES,Denis,1967-01-28
BEN01270,CLM004358,SALMON,Maurice,1953-09-02
BEN01271,CLM004369,LECLERC,Célina,2015-06-23
BEN01272,CLM004370,MARTINEZ,Philippe,1999-10-14
BEN01273,CLM004391,MARTINEAU,Tristan,2007-01-10
BEN01274,CLM004391,BONNIN,Augustin,1994-01-05
BEN01275,CLM004392,FABRE,Madeleine,1993-03-12
BEN01276,CLM004392,BUISSON,Anouk,1999-09-10
BEN01277,CLM004397,DURAND,Colette,1961-07-03
BEN01278,CLM004399,GAILLARD,Laure,1965-12-13
BEN01279,CLM004401,LÉGER,Léon,1980-09-09
BEN01280,CLM004409,FONTAINE,Antoinette,2006-12-20
BEN01281,CLM004411,JOLY,Constance,2002-03-23
BEN01282,CLM004411,ALBERT,Laurent,1994-08-11
BEN01283,CLM004417,LELEU,Robert,2001-07-25
BEN01284,CLM004417,DANIEL,Gérard,1998-02-04
BEN01285,CLM004424,DOS SANTOS,Henriette,1961-05-21
BEN01286,CLM004429,LEMAÎTRE,Valérie,1997-05-05
BEN01287,CLM004429,FERREIRA,Laetitia,2009-05-13
BEN01288,CLM004429,PICHON,Margot,2012-02-05
BEN01289,CLM004430,POTTIER,William,2000-06-09
BEN01290,CLM004430,REGNIER,Nath,2011-04-20
BEN01291,CLM004430,DANIEL,Xavier,2011-12-25
BEN01292,CLM004437,ALLARD,Alice,2010-07-10
BEN01293,CLM004437,DIDIER,Laurence,2012-05-29
BEN01294,CLM004437,FOUQUET,Olivier,2013-03-19
BEN01295,CLM004438,MATHIEU,Alex,2014-11-04
BEN01296,CLM004438,FOURNIER,Madeleine,2005-10-04
BEN01297,CLM004439,MEYER,Christelle,2006-02-11
BEN01298,CLM004449,BLANCHET,Audrey,1996-01-31
BEN01299,CLM004449,PIERRE,Nathalie,2005-11-25
BEN01300,CLM004461,WAGNER,Théodore,1950-09-12
BEN01301,CLM004465,JOUBERT,Brigitte,1972-06-16
BEN01302,CLM004469,HUMBERT,Renée,1965-10-31
BEN01303,CLM004474,ÉTIENNE,Michelle,1961-01-01
BEN01304,CLM004493,MICHAUD,Noémi,2007-08-25
BEN01305,CLM004495,GAUTHIER,Grégoire,1959-03-11
BEN01306,CLM004497,LAPORTE,Zoé,1991-09-30
BEN01307,CLM004497,LEFÈVRE,Anouk,1998-02-05
BEN01308,CLM004497,SEGUIN,Virginie,2004-12-29
BEN01309,CLM004503,LÉVÊQUE,Timothée,1963-10-02
BEN01310,CLM004512,BECKER,Hugues,1975-11-19
BEN01311,CLM004521,DENIS,François,2010-08-29
BEN01312,CLM004521,DA SILVA,Marthe,1993-11-29
BEN01313,CLM004525,GODARD,Patricia,2005-04-15
BEN01314,CLM004528,RÉMY,Marcel,2003-09-25
BEN01315,CLM004528,CHEVALIER,Anastasie,2010-04-11
BEN01316,CLM004531,MASSON,Xavier,1990-12-06
BEN01317,CLM004531,WEBER,Suzanne,2005-06-14
BEN01318,CLM004531,MICHAUD,Charlotte,2003-09-25
BEN01319,CLM004541,WAGNER,Françoise,2005-12-24
BEN01320,CLM004541,POTTIER,Yves,2002-10-11
BEN01321,CLM004542,BONNEAU,Capucine,1993-09-13
BEN01322,CLM004542,FAIVRE,François,2001-08-14
BEN01323,CLM004546,LECOMTE,René,1991-04-28
BEN01324,CLM004546,LEGRAND,Gabriel,1990-11-19
BEN01325,CLM004551,DUMONT,Julie,1995-10-25
BEN01326,CLM004557,CARON,Louise,1967-12-25
BEN01327,CLM004558,REGNIER,Marianne,1962-10-31
BEN01328,CLM004560,DIJOUX,Daniel,1964-11-08
BEN01329,CLM004568,PETIT,Richard,2014-04-06
BEN01330,CLM004582,ROY,Claude,1962-12-29
BEN01331,CLM004583,LECOMTE,Françoise,2013-04-01
BEN01332,CLM004593,LOMBARD,Marguerite,2014-10-20
BEN01333,CLM004593,GERMAIN,Lorraine,2015-02-20
BEN01334,CLM004593,ARNAUD,Philippe,2001-02-26
BEN01335,CLM004602,LEBRETON,Laure,1975-07-02
BEN01336,CLM004603,ALEXANDRE,Timothée,1970-06-19
BEN01337,CLM004608,LAGARDE,Victoire,2006-04-04
BEN01338,CLM004608,PELLETIER,Stéphane,1995-07-23
BEN01339,CLM004608,MONNIER,Benjamin,2000-03-18
BEN01340,CLM004612,CHARRIER,Tristan,1957-01-29
BEN01341,CLM004616,BRETON,Raymond,1977-01-29
BEN01342,CLM004624,GIMENEZ,Diane,1956-12-28
BEN01343,CLM004628,DANIEL,Joséphine,1968-04-11
BEN01344,CLM004629,BUISSON,Valentine,1992-05-14
BEN01345,CLM004629,LEFORT,Philippine,2011-06-11
BEN01346,CLM004629,LEMONNIER,Benjamin,2003-02-14
BEN01347,CLM004633,CHEVALLIER,Henriette,2007-06-01
BEN01348,CLM004635,GIRARD,Thibault,1980-02-14
BEN01349,CLM004640,GUILLOT,Inès,1950-03-22
BEN01350,CLM004643,LÉVY,Christelle,2003-08-17
BEN01351,CLM004649,BUISSON,Éléonore,2004-12-24
BEN01352,CLM004650,GIMENEZ,Julie,2012-12-01
BEN01353,CLM004650,DELORME,Hortense,2001-10-18
BEN01354,CLM004653,HERVÉ,Laurence,1975-04-30
BEN01355,CLM004659,RIOU,Victoire,1971-01-01
BEN01356,CLM004663,DEVAUX,Thibaut,1973-05-26
BEN01357,CLM004665,GOSSELIN,Roger,1998-05-09
BEN01358,CLM004665,MARTIN,Anastasie,1993-05-09
BEN01359,CLM004665,MOREL,William,1994-04-02
BEN01360,CLM004674,CHEVALLIER,Inès,1958-11-14
BEN01361,CLM004684,BOULAY,Arthur,1995-10-12
BEN01362,CLM004685,MASSE,Luce,2002-03-20
BEN01363,CLM004685,POULAIN,Jeannine,1995-04-29
BEN01364,CLM004711,LE GALL,Benoît,1978-10-29
BEN01365,CLM004712,BARRE,Margaret,2012-04-22
BEN01366,CLM004712,WEISS,Gilles,2001-02-04
BEN01367,CLM004712,DUVAL,Geneviève,2015-01-17
BEN01368,CLM004717,LAINE,Henriette,1999-06-11
BEN01369,CLM004717,MAURICE,Alfred,2010-01-29
BEN01370,CLM004717,LEMOINE,Adrien,2007-04-14
BEN01371,CLM004718,PIRES,Colette,1995-08-14
BEN01372,CLM004718,TURPIN,Colette,1995-09-26
BEN01373,CLM004723,LECLERCQ,Bernard,1977-03-04
BEN01374,CLM004726,ROSSI,Constance,1973-10-25
BEN01375,CLM004734,ROBIN,Vincent,2014-04-27
BEN01376,CLM004734,ROLLAND,Alphonse,1993-06-05
BEN01377,CLM004743,GONCALVES,Inès,2014-01-12
BEN01378,CLM004743,VASSEUR,Lucas,1993-10-27
BEN01379,CLM004743,RENAUD,Amélie,2015-01-08
BEN01380,CLM004751,TURPIN,Caroline,1996-03-30
BEN01381,CLM004754,BONNET,Adélaïde,1968-05-16
BEN01382,CLM004755,BLANCHARD,Geneviève,1971-02-15
BEN01383,CLM004756,TEIXEIRA,Inès,1958-04-25
BEN01384,CLM004768,DUFOUR,Adrienne,1964-03-01
BEN01385,CLM004783,REY,Élodie,1995-03-27
BEN01386,CLM004783,LE GALL,Eugène,1991-10-02
BEN01387,CLM004784,MUNOZ,Renée,1995-05-03
BEN01388,CLM004784,MEUNIER,Virginie,2010-12-08
BEN01389,CLM004784,GRENIER,Caroline,2009-01-06
BEN01390,CLM004788,PRUVOST,Louise,2002-01-30
BEN01391,CLM004788,DUVAL,Simone,2002-07-14
BEN01392,CLM004797,HUBERT,Guy,1950-02-13
BEN01393,CLM004798,BESSON,Matthieu,1951-03-12
BEN01394,CLM004799,MENARD,Guillaume,1995-08-05
BEN01395,CLM004799,BOUTIN,Agathe,2000-01-22
BEN01396,CLM004799,DIJOUX,Olivie,2011-01-20
BEN01397,CLM004800,GUILBERT,Danielle,1977-07-02
BEN01398,CLM004801,BERTIN,Pénélope,2014-02-22
BEN01399,CLM004801,IMBERT,Renée,2001-05-18
BEN01400,CLM004801,BLOT,Alfred,1997-07-04
BEN01401,CLM004810,BAILLY,Patricia,1959-11-29
BEN01402,CLM004815,CHEVALIER,Audrey,1961-08-05
BEN01403,CLM004817,GIRAUD,Claire,1972-04-02
BEN01404,CLM004821,PARIS,Joseph,1951-09-08
BEN01405,CLM004822,DOS SANTOS,Étienne,2004-03-20
BEN01406,CLM004825,RODRIGUEZ,Marguerite,1969-12-25
BEN01407,CLM004827,MARIE,Emmanuel,2000-08-06
BEN01408,CLM004834,VALLET,Zoé,1963-02-11
BEN01409,CLM004835,LEDOUX,Victoire,1994-07-17
BEN01410,CLM004839,GERMAIN,Thibaut,1970-12-07
BEN01411,CLM004844,GILLES,Richard,1991-12-22
BEN01412,CLM004844,RUIZ,Madeleine,2012-10-04
BEN01413,CLM004853,BUISSON,Odette,1993-05-26
BEN01414,CLM004853,MARTY,Alexandre,2012-06-27
BEN01415,CLM004858,RODRIGUES,Margaret,1971-03-18
BEN01416,CLM004863,LÉGER,Olivie,1963-11-24
BEN01417,CLM004866,CORDIER,Marthe,1977-01-30
BEN01418,CLM004867,LEGRAND,Alfred,1950-04-06
BEN01419,CLM004883,POTIER,Marie,1964-08-26
BEN01420,CLM004890,GUÉRIN,Amélie,1995-07-11
BEN01421,CLM004890,JOUBERT,Éric,2012-04-10
BEN01422,CLM004891,BERNARD,Clémence,1969-10-13
BEN01423,CLM004930,HENRY,Paul,1978-10-27
BEN01424,CLM004932,LEDUC,Claire,1958-02-13
BEN01425,CLM004933,POTIER,Inès,1965-01-05
BEN01426,CLM004936,BERNIER,Claudine,2006-08-15
BEN01427,CLM004936,GRONDIN,Alexandre,2006-05-08
BEN01428,CLM004938,LEGENDRE,Luce,1995-01-30
BEN01429,CLM004938,LOMBARD,Xavier,1999-03-30
BEN01430,CLM004938,GAUTHIER,Maryse,2012-10-05
BEN01431,CLM004942,BAILLY,Luce,1977-05-10
BEN01432,CLM004944,CARLIER,Alain,1997-03-24
BEN01433,CLM004944,COHEN,Laurent,1994-08-14
BEN01434,CLM004945,TEIXEIRA,Jérôme,1991-05-18
BEN01435,CLM004945,BOYER,Thibault,1995-03-26
BEN01436,CLM004955,FOURNIER,Patrick,1980-02-06
BEN01437,CLM004956,BOUSQUET,Joseph,1972-09-20
BEN01438,CLM004959,PARENT,Simone,1961-03-15
BEN01439,CLM004961,LÉGER,Alain,1968-01-14
BEN01440,CLM004969,JACQUET,Thibaut,2015-12-04
BEN01441,CLM004969,LEFEBVRE,François,2009-08-23
BEN01442,CLM004972,LEROUX,Denis,1977-02-06
BEN01443,CLM004980,HEBERT,Frédérique,1978-10-24
BEN01444,CLM004988,LE GOFF,Audrey,1959-01-16
BEN01445,CLM004992,NEVEU,Lucie,1995-09-09
BEN01446,CLM004992,LECLERC,Marcelle,2003-10-16
BEN01447,CLM004992,BOULAY,Thierry,2000-10-30
BEN01448,CLM004996,BOURGEOIS,Andrée,1977-03-12
BEN01449,CLM005000,MULLER,Robert,2010-06-30
BEN01450,CLM005001,MARQUES,Aimée,1961-10-14
BEN01451,CLM005005,DAVID,Émile,1956-11-11
BEN01452,CLM005011,BARBIER,Joséphine,1970-08-03
BEN01453,CLM005015,DURAND,Philippe,1994-04-16
BEN01454,CLM005015,DUPUIS,Émile,2014-01-04
BEN01455,CLM005017,LEROUX,Éléonore,1995-10-20
BEN01456,CLM005017,GAY,Élise,2013-06-23
BEN01457,CLM005017,LAMY,Aurélie,1996-05-18
BEN01458,CLM005025,ALBERT,Brigitte,1996-04-21
BEN01459,CLM005025,BARRE,Alice,2011-06-22
BEN01460,CLM005025,COUSIN,Andrée,1995-03-08
BEN01461,CLM005032,BOURDON,Suzanne,2005-11-29
BEN01462,CLM005035,CHARRIER,Pénélope,1979-07-12
BEN01463,CLM005036,LECONTE,Luc,2006-08-18
BEN01464,CLM005037,WEBER,Olivier,1993-01-02
BEN01465,CLM005052,LECLERC,Paulette,1977-11-21
BEN01466,CLM005053,FERNANDES,Arthur,2003-06-27
BEN01467,CLM005054,COLAS,Roland,2013-04-27
BEN01468,CLM005054,BARBE,Noémi,2001-12-23
BEN01469,CLM005054,GAUTHIER,Anouk,2004-03-21
BEN01470,CLM005059,GUILLOU,Virginie,1978-01-20
BEN01471,CLM005063,MONNIER,Laurent,2012-03-18
BEN01472,CLM005063,CLÉMENT,Isabelle,2010-01-05
BEN01473,CLM005072,DELORME,Margaux,1950-01-09
BEN01474,CLM005077,GODARD,Adrien,1991-07-03
BEN01475,CLM005077,LAGARDE,Édith,2005-09-19
BEN01476,CLM005077,GEORGES,Sylvie,2011-02-28
BEN01477,CLM005084,FONTAINE,Daniel,1962-11-21
BEN01478,CLM005086,BOULAY,Thibaut,1967-05-30
BEN01479,CLM005090,GILLET,Frédéric,1995-06-15
BEN01480,CLM005090,BUISSON,Charlotte,2014-09-02
BEN01481,CLM005090,BOYER,Sabine,1990-03-28
BEN01482,CLM005106,TECHER,Maryse,1959-01-28
BEN01483,CLM005112,GONCALVES,Christelle,1963-10-24
BEN01484,CLM005116,ROCHER,Valentine,1951-10-10
BEN01485,CLM005135,DUMAS,Laurence,1990-06-06
BEN01486,CLM005135,DUMONT,René,1994-09-09
BEN01487,CLM005142,PERRIER,Célina,2015-11-12
BEN01488,CLM005142,TANGUY,Renée,1999-02-25
BEN01489,CLM005147,GRONDIN,Emmanuel,1969-02-21
BEN01490,CLM005154,SCHNEIDER,Marie,1990-10-11
BEN01491,CLM005154,CHEVALLIER,Roger,2005-02-12
BEN01492,CLM005155,BARBIER,Xavier,1962-02-09
BEN01493,CLM005167,LELEU,Antoine,2012-08-31
BEN01494,CLM005178,GRÉGOIRE,Suzanne,1992-11-26
BEN01495,CLM005178,BLONDEL,Nath,2007-06-02
BEN01496,CLM005182,ROGER,Noël,2012-02-09
BEN01497,CLM005182,BLANCHARD,Philippine,2013-05-03
BEN01498,CLM005182,AUBRY,Louise,1992-01-10
BEN01499,CLM005188,PHILIPPE,Laurence,1998-08-13
BEN01500,CLM005188,BOUCHET,Victoire,2010-12-16
BEN01501,CLM005191,MASSE,Aurore,1993-08-26
BEN01502,CLM005191,TOUSSAINT,Michelle,1992-05-03
BEN01503,CLM005191,SCHNEIDER,Michelle,1995-05-26
